marker_compound,smiles,formula_verified,hc_numeric,source,source_herb,MolWt,LogP,TPSA,HBD,HBA,RotatableBonds,FractionCSP3,NumHeteroatoms,MolarRefractivity,AromaticRings,RingCount,avg_atomic_radius,atomic_radius_coverage,avg_covalent_radius,covalent_radius_coverage,avg_electronegativity_pauling,electronegativity_pauling_coverage,avg_first_ionization_energy,first_ionization_energy_coverage,avg_electron_affinity,electron_affinity_coverage,avg_dipole_polarizability,dipole_polarizability_coverage,avg_density,density_coverage,avg_melting_point,melting_point_coverage,avg_thermal_conductivity,thermal_conductivity_coverage,electronegativity_spread,total_atoms,unique_elements,PC1,PC2,PC3,PC4,pred_Hot_Cold,pred_Dry_Wet
betulin,CC(=C)C1CCC2(CCC3(C)C(CCC4C3(C)CCC3C4(C)CCC(O)C3(C)C)C12)CO,C30H50O2,1.0,bartlett,Birch lvs,442.728,6.997,40.46,2,2,2,0.933,2,132.062,0,5,42.31707317073171,82/82 atoms had data,47.21951219512195,82/82 atoms had data,2.3582926829268294,82/82 atoms had data,12.74349619825366,82/82 atoms had data,0.957262768292683,82/82 atoms had data,7.011652439024391,82/82 atoms had data,0.8049599512195121,82/82 atoms had data,1407.440243902439,82/82 atoms had data,0.6930365853658538,82/82 atoms had data,1.2399999999999998,82,3,-1.4584916580264553,-3.172875148060786,-2.099957746621533,-0.858183012480035,3.0994660695944374,14.157447571329023
salicin,OCc1ccccc1OC1OC(CO)C(O)C(O)C1O,C13H18O7,-7.0,bartlett,Willow bk,286.28,-1.642,119.61,5,7,4,0.538,7,66.76,1,2,46.8421052631579,38/38 atoms had data,51.81578947368421,38/38 atoms had data,2.548157894736842,38/38 atoms had data,12.802158897169683,38/38 atoms had data,1.058180302631579,38/38 atoms had data,6.977052105263159,38/38 atoms had data,0.7529113684210527,38/38 atoms had data,1323.5731578947368,38/38 atoms had data,0.6348947368421053,38/38 atoms had data,1.2399999999999998,38,3,0.19618337471754524,-0.3207541876194356,1.937195616227072,0.5103154650880829,-1.359257295906363,14.611256991140296
thymol,CC1=CC(=C(C=C1)C(C)C)O,C10H14O,1.0,bartlett,Thyme lvs,150.221,2.824,20.23,1,1,1,0.4,1,46.933,1,1,44.4,25/25 atoms had data,49.2,25/25 atoms had data,2.3896,25/25 atoms had data,12.66396360287616,25/25 atoms had data,0.9856413399999999,25/25 atoms had data,7.2559816,25/25 atoms had data,0.8800982400000001,25/25 atoms had data,1538.0376,25/25 atoms had data,0.73872,25/25 atoms had data,1.2399999999999998,25,3,-3.1307494054957856,-0.872436183043798,-0.13638060913017194,0.006306966487110374,-1.033862795612241,17.266410309893956
citronellal,CC(CCC=C(C)C)CC=O,C10H18O,-4.0,bartlett,Melissa lvs,154.253,2.958,17.07,0,1,5,0.7,1,48.51,0,0,41.724137931034484,29/29 atoms had data,46.689655172413794,29/29 atoms had data,2.3634482758620687,29/29 atoms had data,12.79285607215338,29/29 atoms had data,0.9537177068965517,29/29 atoms had data,6.876826896551724,29/29 atoms had data,0.7587166896551725,29/29 atoms had data,1327.8268965517243,29/29 atoms had data,0.6618620689655174,29/29 atoms had data,1.2399999999999998,29,3,-2.736303537638875,-3.2474435672495763,0.06357447059047518,0.3699131147022844,0.8095427921393936,17.330377463694248
6-gingerol,CCCCCC(O)CC(=O)CCc1ccc(O)c(OC)c1,C17H26O4,12.0,bartlett,Ginger rt,294.391,3.234,66.76,2,4,10,0.588,4,82.753,1,1,44.255319148936174,47/47 atoms had data,49.170212765957444,47/47 atoms had data,2.4321276595744683,47/47 atoms had data,12.754394300713532,47/47 atoms had data,0.9980754680851063,47/47 atoms had data,7.0315927659574475,47/47 atoms had data,0.7959013617021279,47/47 atoms had data,1394.1161702127658,47/47 atoms had data,0.677808510638298,47/47 atoms had data,1.2399999999999998,47,3,-1.0170680100961147,-1.485068907935787,0.0020754700211239358,-0.1144925036490705,0.46772867769910675,14.809822398214461
curcumin,COC1=C(C=CC(=C1)/C=C/C(=O)CC(=O)/C=C/C2=CC(=C(C=C2)O)OC)O,C21H20O6,1.0,bartlett,Turmeric rt,368.385,3.37,93.06,2,6,8,0.143,6,102.017,2,2,49.57446808510638,47/47 atoms had data,54.234042553191486,47/47 atoms had data,2.51468085106383,47/47 atoms had data,12.55623872558979,47/47 atoms had data,1.0713846808510636,47/47 atoms had data,7.6434510638297875,47/47 atoms had data,0.983180595744681,47/47 atoms had data,1719.7659574468084,47/47 atoms had data,0.7911063829787235,47/47 atoms had data,1.2399999999999998,47,3,-0.8197995097463818,2.545611250078444,-0.2908830048950499,-0.5341567565829327,2.200853350026404,8.736295224344293
linalool,CC(=CCCC(C)(C=C)O)C,C10H18O,-3.0,bartlett,Coriander sd,154.253,2.67,20.23,1,1,4,0.6,1,49.486,0,0,41.724137931034484,29/29 atoms had data,46.689655172413794,29/29 atoms had data,2.3634482758620687,29/29 atoms had data,12.79285607215338,29/29 atoms had data,0.9537177068965517,29/29 atoms had data,6.876826896551724,29/29 atoms had data,0.7587166896551725,29/29 atoms had data,1327.8268965517243,29/29 atoms had data,0.6618620689655174,29/29 atoms had data,1.2399999999999998,29,3,-2.731634029114492,-3.115180894390185,0.2042987269689898,0.3445275689678582,-0.5696126357385012,18.704327874735277
allantoin,C1(=O)NC(=O)NC1NC(=O)N,C4H6N4O3,-3.0,bartlett,Comfrey rt,158.117,-2.18,113.32,4,3,1,0.25,7,33.181,0,1,51.1764705882353,17/17 atoms had data,56.470588235294116,17/17 atoms had data,2.698823529411765,17/17 atoms had data,13.271910001812707,17/17 atoms had data,0.4915874411764707,17/17 atoms had data,6.926038823529412,17/17 atoms had data,0.5181762352941177,17/17 atoms had data,928.330588235294,17/17 atoms had data,0.4490588235294118,17/17 atoms had data,1.2399999999999998,17,4,-0.45824120599868523,-2.0665888530736036,6.3207758772381375,2.939148870103403,-4.137649253856362,19.310154523449704
cinnamaldehyde,C(=C/C=O)\c1ccccc1,C9H8O,8.0,bartlett,Cinnamon,132.162,1.899,17.07,0,1,2,0.0,1,41.54,1,1,49.44444444444444,18/18 atoms had data,53.94444444444444,18/18 atoms had data,2.4438888888888886,18/18 atoms had data,12.430455002282667,18/18 atoms had data,1.0474302500000001,18/18 atoms had data,7.947604444444445,18/18 atoms had data,1.1001091111111112,18/18 atoms had data,1919.2711111111114,18/18 atoms had data,0.8771666666666667,18/18 atoms had data,1.2399999999999998,18,3,-3.5892388971366302,2.8346623048705446,-0.5157943115635815,0.205789778697686,8.938273549804345,2.8301480042865514
carvone,CC1=CCC(CC1=O)C(=C)C,C10H14O,8.0,bartlett,Caraway sd,150.221,2.488,17.07,0,1,1,0.5,1,46.302,0,1,44.4,25/25 atoms had data,49.2,25/25 atoms had data,2.3896,25/25 atoms had data,12.66396360287616,25/25 atoms had data,0.9856413399999999,25/25 atoms had data,7.2559816,25/25 atoms had data,0.8800982400000001,25/25 atoms had data,1538.0376,25/25 atoms had data,0.73872,25/25 atoms had data,1.2399999999999998,25,3,-3.1727117390588955,-1.2839766169428182,-0.2246966904553692,0.3682810420353468,4.666202676944866,11.40248863947956
anethole,COc1ccc(/C=C/C)cc1,C10H12O,1.0,bartlett,Fennel sd,148.205,2.728,9.23,0,1,2,0.2,1,47.702,1,1,46.08695652173913,23/23 atoms had data,50.78260869565217,23/23 atoms had data,2.4060869565217393,23/23 atoms had data,12.582705307027476,23/23 atoms had data,1.0057671086956521,23/23 atoms had data,7.495013913043478,23/23 atoms had data,0.9566213913043479,23/23 atoms had data,1670.561739130435,23/23 atoms had data,0.7871739130434783,23/23 atoms had data,1.2399999999999998,23,3,-3.3629382119821285,0.4482689454276367,-0.32578044022540276,0.02073369300920281,1.9183148649049038,12.84127099943262
berberine,COC1=C(C2=C[N+]3=C(C=C2C=C1)C4=CC5=C(C=C4CC3)OCO5)OC,C20H18NO4+,-2.0,tcm,huang lian,336.367,3.096,40.8,0,4,2,0.25,5,92.51,3,5,50.116279069767444,43/43 atoms had data,54.72093023255814,43/43 atoms had data,2.4976744186046513,43/43 atoms had data,12.53451344401042,43/43 atoms had data,1.0061010232558139,43/43 atoms had data,7.807627441860464,43/43 atoms had data,1.023438441860465,43/43 atoms had data,1789.178372093023,43/43 atoms had data,0.8186279069767441,43/43 atoms had data,1.2399999999999998,43,4,-1.6943678595675158,2.7862953859864974,-0.7549684641902399,-0.6935479927593892,1.7025458524280177,9.682239430138166
thymoquinone,CC1=CC(=O)C(=CC1=O)C(C)C,C10H12O2,-2.0,tcm,bo zi ren,164.204,1.667,34.14,0,2,1,0.4,2,46.692,0,1,46.666666666666664,24/24 atoms had data,51.416666666666664,24/24 atoms had data,2.449166666666667,24/24 atoms had data,12.625844835901333,24/24 atoms had data,1.0247398749999999,24/24 atoms had data,7.403555,24/24 atoms had data,0.9168166666666666,24/24 atoms had data,1603.2383333333335,24/24 atoms had data,0.7555,24/24 atoms had data,1.2399999999999998,24,3,-2.822321606863393,0.03334397185359828,0.19963647844485446,0.5093373000146674,5.938580705258019,8.37918889574377
geniposide,COC(=O)C1=CO[C@H]([C@H]2[C@@H]1CC=C2CO)O[C@H]3[C@@H]([C@H]([C@@H]([C@H](O3)CO)O)O)O,C17H24O10,-2.0,tcm,zhi zi,388.369,-2.229,155.14,5,10,5,0.706,10,86.59,0,3,46.86274509803921,51/51 atoms had data,51.86274509803921,51/51 atoms had data,2.5598039215686277,51/51 atoms had data,12.822901727907135,51/51 atoms had data,1.0621144705882353,51/51 atoms had data,6.9268752941176475,51/51 atoms had data,0.7336283921568628,51/51 atoms had data,1290.6713725490195,51/51 atoms had data,0.6207058823529412,51/51 atoms had data,1.2399999999999998,51,3,1.3342602906779046,-0.8318984237686562,1.7076031928883497,0.7729621331472611,6.823100725316903,5.337958123111427
arctigenin,COC1=C(C=C(C=C1)C[C@H]2COC(=O)[C@@H]2CC3=CC(=C(C=C3)O)OC)OC,C21H24O6,-2.0,tcm,niu bang zi,372.417,2.992,74.22,1,6,7,0.381,6,99.552,2,3,47.64705882352941,51/51 atoms had data,52.411764705882355,51/51 atoms had data,2.4899999999999998,51/51 atoms had data,12.637979531828705,51/51 atoms had data,1.0465070588235292,51/51 atoms had data,7.397463529411765,51/51 atoms had data,0.9060748235294118,51/51 atoms had data,1585.9811764705885,51/51 atoms had data,0.7432941176470589,51/51 atoms had data,1.2399999999999998,51,3,-0.7282206076739677,1.046902652253753,-0.31115491208774515,-0.5189696844884187,0.8641145468342115,11.670146873693058
rosmarinic acid,C1=CC(=C(C=C1C[C@H](C(=O)O)OC(=O)/C=C/C2=CC(=C(C=C2)O)O)O)O,C18H16O8,-2.0,tcm,xia ku cao,360.318,1.761,144.52,5,7,6,0.111,8,89.797,2,2,50.95238095238095,42/42 atoms had data,55.666666666666664,42/42 atoms had data,2.586190476190476,42/42 atoms had data,12.600112001956571,42/42 atoms had data,1.1065278571428572,42/42 atoms had data,7.569375238095238,42/42 atoms had data,0.9431375238095238,42/42 atoms had data,1652.9180952380952,42/42 atoms had data,0.7557142857142858,42/42 atoms had data,1.2399999999999998,42,3,0.009885848456754467,3.103326540394924,0.9014984337382136,-0.3038172506747845,-1.3257637242766913,11.381794175261199
chlorogenic acid,C1[C@H]([C@H]([C@@H](C[C@@]1(C(=O)O)O)OC(=O)/C=C/C2=CC(=C(C=C2)O)O)O)O,C16H18O9,-2.0,tcm,pu gong ying,354.311,-0.646,164.75,6,8,4,0.375,9,82.519,1,2,49.06976744186046,43/43 atoms had data,53.95348837209303,43/43 atoms had data,2.5897674418604653,43/43 atoms had data,12.732535676568558,43/43 atoms had data,1.0911496627906976,43/43 atoms had data,7.200650697674418,43/43 atoms had data,0.8189127441860465,43/43 atoms had data,1438.7297674418603,43/43 atoms had data,0.6732558139534883,43/43 atoms had data,1.2399999999999998,43,3,0.6600374533734686,1.178932853942183,1.7864280094672649,0.317965327220899,0.057060917391527965,11.244807865213241
paeoniflorin,C[C@]12C[C@@]3([C@@H]4C[C@]1([C@@]4([C@H](O2)O3)COC(=O)C5=CC=CC=C5)O[C@H]6[C@@H]([C@H]([C@@H]([C@H](O6)CO)O)O)O)O,C23H28O11,-1.5,tcm,bai shao,480.466,-1.357,164.37,5,11,6,0.696,11,108.778,1,8,47.903225806451616,62/62 atoms had data,52.79032258064516,62/62 atoms had data,2.5498387096774193,62/62 atoms had data,12.73454119586787,62/62 atoms had data,1.068039443548387,62/62 atoms had data,7.167727096774194,62/62 atoms had data,0.8163981290322581,62/62 atoms had data,1433.1464516129033,62/62 atoms had data,0.6765967741935484,62/62 atoms had data,1.2399999999999998,62,3,2.1445405036620486,0.2682332126927914,0.2648723795471965,-0.043933291178617405,9.65850844714204,0.7412202843466327
andrographolide,C[C@@]12CC[C@H]([C@@]([C@H]1CCC(=C)[C@H]2C/C=C/3\\[C@@H](COC3=O)O)(C)CO)O,C20H30O5,-2.0,tcm,chuan xin lian,350.455,1.963,86.99,3,5,3,0.75,5,93.56,0,3,44.54545454545455,55/55 atoms had data,49.45454545454545,55/55 atoms had data,2.44,55/55 atoms had data,12.749985639165091,55/55 atoms had data,1.0031599545454546,55/55 atoms had data,7.049332727272727,55/55 atoms had data,0.8001636363636364,55/55 atoms had data,1401.7145454545455,55/55 atoms had data,0.6796363636363637,55/55 atoms had data,1.2399999999999998,55,3,-0.7316451194548103,-1.7992452787214328,-0.1457251160884205,0.14619206181650668,6.046626579830193,8.774312812322698
artemisinin,C[C@@H]1CC[C@H]2[C@H](C(=O)O[C@H]3[C@@]24[C@H]1CC[C@](O3)(OO4)C)C,C15H22O5,-2.0,tcm,qing hao,282.336,2.395,53.99,0,5,0,0.933,5,68.047,0,5,45.23809523809524,42/42 atoms had data,50.166666666666664,42/42 atoms had data,2.4726190476190477,42/42 atoms had data,12.765720431261714,42/42 atoms had data,1.0197533928571427,42/42 atoms had data,7.02753380952381,42/42 atoms had data,0.7859129523809524,42/42 atoms had data,1378.1480952380953,42/42 atoms had data,0.6661428571428571,42/42 atoms had data,1.2399999999999998,42,3,-1.1756507442486002,-1.8278813940339884,-0.06754535406505656,0.14242868739790882,4.17953834541254,11.15468139035315
aconitine,CCN1C[C@@]2([C@@H](C[C@@H]([C@@]34[C@@H]2[C@H]([C@@H](C31)[C@@]5([C@@H]6[C@H]4C[C@@]([C@@H]6OC(=O)C7=CC=CC=C7)([C@H]([C@@H]5O)OC)O)OC(=O)C)OC)OC)O)COC,C34H47NO11,3.0,tcm,fu zi,645.746,0.648,153.45,3,12,9,0.765,12,160.468,1,7,46.02150537634409,93/93 atoms had data,50.924731182795696,93/93 atoms had data,2.4836559139784944,93/93 atoms had data,12.756012755283786,93/93 atoms had data,1.0003382741935483,93/93 atoms had data,7.115421182795698,93/93 atoms had data,0.8045095376344087,93/93 atoms had data,1410.8017204301075,93/93 atoms had data,0.676489247311828,93/93 atoms had data,1.2399999999999998,93,4,2.352627890742495,-0.8681416825974018,-0.8365145046192077,-0.3200055060830978,13.575683470288855,-2.449199507138232
tanshinone iia,CC1=COC2=C1C(=O)C(=O)C3=C2C=CC4=C3CCCC4(C)C,C19H18O3,1.0,tcm,dan shen variant,294.35,4.248,47.28,0,3,0,0.368,3,83.506,2,4,49.0,40/40 atoms had data,53.575,40/40 atoms had data,2.45925,40/40 atoms had data,12.4892899523112,40/40 atoms had data,1.0484777875,40/40 atoms had data,7.7931995,40/40 atoms had data,1.045135,40/40 atoms had data,1824.9144999999996,40/40 atoms had data,0.8389500000000002,40/40 atoms had data,1.2399999999999998,40,3,-2.423700050745912,2.1920009630340127,-1.2937779384113575,-0.6640813405601652,4.022207385326383,8.260230483778448
astragaloside iv,CC1(C(CCC23C1C(CC4C2(C3)CCC5(C4(CC(C5C6(CCC(O6)C(C)(C)O)C)O)C)C)OC7C(C(C(C(O7)CO)O)O)O)OC8C(C(C(CO8)O)O)O)C,C41H68O14,1.0,tcm,huang qi variant,784.981,0.724,228.22,9,14,7,1.0,14,193.74,0,8,43.983739837398375,123/123 atoms had data,48.983739837398375,123/123 atoms had data,2.457804878048781,123/123 atoms had data,12.821287840237789,123/123 atoms had data,1.003965268292683,123/123 atoms had data,6.86165430894309,123/123 atoms had data,0.7335275447154471,123/123 atoms had data,1287.3160975609755,123/123 atoms had data,0.6334146341463415,123/123 atoms had data,1.2399999999999998,123,3,3.9062381825929378,-2.4599424831722643,-1.1462133302867334,-0.45196246117258854,15.933121674604731,-4.440847660224879
formononetin,COC1=CC=C(C=C1)C2=COC3=C(C2=O)C=CC(=C3)O,C16H12O4,1.0,tcm,huang qi,268.268,3.174,59.67,1,4,2,0.062,4,76.137,3,3,51.875,32/32 atoms had data,56.375,32/32 atoms had data,2.5300000000000002,32/32 atoms had data,12.431817501926,32/32 atoms had data,1.0965218125,32/32 atoms had data,8.00266625,32/32 atoms had data,1.1001942500000002,32/32 atoms had data,1922.10375,32/32 atoms had data,0.8664375000000001,32/32 atoms had data,1.2399999999999998,32,3,-2.123645632847171,4.419456910511201,-0.4850803488328363,-0.7008929583727478,0.4079419062571912,9.719218389860345
6-shogaol,CCCCCC=CC(=O)CCC1=CC(=C(C=C1)O)OC,C17H24O3,2.0,tcm,sheng jiang variant,276.376,4.039,46.53,1,3,9,0.471,3,81.269,1,1,44.77272727272727,44/44 atoms had data,49.61363636363637,44/44 atoms had data,2.4197727272727274,44/44 atoms had data,12.69640023007418,44/44 atoms had data,0.9986373522727273,44/44 atoms had data,7.185696363636364,44/44 atoms had data,0.8501339090909091,44/44 atoms had data,1487.2872727272727,44/44 atoms had data,0.7151590909090909,44/44 atoms had data,1.2399999999999998,44,3,-1.6857411060140042,-0.9158916493666635,-0.3905680032345321,-0.23072532817667993,0.9956491283252848,14.142553450873331
crataegolic acid,CC1(CCC2(CCC3(C(=CCC4C3(CCC5C4(CC(C(C5(C)C)O)O)C)C)C2C1)C)C(=O)O)C,C30H48O4,0.0,tcm,shan zha,472.71,6.204,77.76,3,3,1,0.9,4,134.071,0,5,43.170731707317074,82/82 atoms had data,48.073170731707314,82/82 atoms had data,2.388536585365854,82/82 atoms had data,12.743974734713758,82/82 atoms had data,0.9745046829268293,82/82 atoms had data,7.030991219512195,82/82 atoms had data,0.8049898536585366,82/82 atoms had data,1408.4351219512193,82/82 atoms had data,0.6892682926829269,82/82 atoms had data,1.2399999999999998,82,3,-0.9288068140372575,-2.6997092298430045,-1.7292184925822573,-0.7535851751631467,3.594315127023811,12.735333143339735
atractylenolide ii,CC1=C2CC3C(=C)CCCC3(CC2OC1=O)C,C15H20O2,1.5,tcm,bai zhu,232.323,3.385,26.3,0,2,0,0.667,2,66.402,0,3,45.13513513513514,37/37 atoms had data,49.91891891891892,37/37 atoms had data,2.4089189189189186,37/37 atoms had data,12.651600759532974,37/37 atoms had data,0.998321945945946,37/37 atoms had data,7.303843243243244,37/37 atoms had data,0.892006918918919,37/37 atoms had data,1559.1837837837836,37/37 atoms had data,0.7441621621621621,37/37 atoms had data,1.2399999999999998,37,3,-2.590641904737882,-1.1314146441578048,-0.7720559653657183,0.0873808855511129,6.536473703183197,8.863882450571875
gentiopicroside,C=CC1C(OC=C2C1=CCOC2=O)OC3C(C(C(C(O3)CO)O)O)O,C16H20O9,-2.0,tcm,long dan cao,356.327,-1.671,134.91,4,9,4,0.562,9,80.537,0,3,48.0,45/45 atoms had data,52.93333333333333,45/45 atoms had data,2.5724444444444443,45/45 atoms had data,12.771020046727111,45/45 atoms had data,1.0761739000000001,45/45 atoms had data,7.080937777777778,45/45 atoms had data,0.7825202666666667,45/45 atoms had data,1375.4088888888887,45/45 atoms had data,0.6514,45/45 atoms had data,1.2399999999999998,45,3,0.7227729701742874,0.023217658360705207,1.6245677030646544,0.7084780471495826,6.096760199492848,5.6948424058118015
salvianolic acid B,C1=CC(=C(C=C1CC(C(=O)O)OC(=O)C=CC2=C3C(C(OC3=C(C=C2)O)C4=CC(=C(C=C4)O)O)C(=O)OC(CC5=CC(=C(C=C5)O)O)C(=O)O)O)O,C36H30O16,0.0,tcm,dan shen,718.62,3.335,278.04,9,14,12,0.167,16,175.005,4,5,51.58536585365854,82/82 atoms had data,56.26829268292683,82/82 atoms had data,2.595609756097561,82/82 atoms had data,12.575762684805854,82/82 atoms had data,1.1151213414634147,82/82 atoms had data,7.644064634146342,82/82 atoms had data,0.9661388780487805,82/82 atoms had data,1692.8914634146338,82/82 atoms had data,0.769719512195122,82/82 atoms had data,1.2399999999999998,82,3,3.4788820550809714,4.122075148671462,-0.45687421541276246,-1.5526409263093923,0.7118007694311297,5.990037687302424
emodin,CC1=CC2=C(C(=C1)O)C(=O)C3=C(C2=O)C=C(C=C3O)O,C15H10O5,-1.5,tcm,jue ming zi,270.24,1.887,94.83,3,5,0,0.067,5,69.48,2,3,53.333333333333336,30/30 atoms had data,57.833333333333336,30/30 atoms had data,2.5816666666666666,30/30 atoms had data,12.432635001711999,30/30 atoms had data,1.12597675,30/30 atoms had data,8.035703333333334,30/30 atoms had data,1.1002453333333333,30/30 atoms had data,1923.8033333333333,30/30 atoms had data,0.8600000000000001,30/30 atoms had data,1.2399999999999998,30,3,-1.6268724399051486,4.830582148946039,0.16418729157065973,-0.24361304743400333,3.8879249297643463,5.036473453417583
menthone,C[C@@H]1CC[C@H](C(=O)C1)C(C)C,C10H18O,1.0,tcm,jing jie,154.253,2.648,17.07,0,1,1,0.9,1,46.35,0,1,41.724137931034484,29/29 atoms had data,46.689655172413794,29/29 atoms had data,2.3634482758620687,29/29 atoms had data,12.79285607215338,29/29 atoms had data,0.9537177068965517,29/29 atoms had data,6.876826896551724,29/29 atoms had data,0.7587166896551725,29/29 atoms had data,1327.8268965517243,29/29 atoms had data,0.6618620689655174,29/29 atoms had data,1.2399999999999998,29,3,-2.8351332926364297,-3.4965787193416125,-0.06394037327042765,0.4053167025991362,1.8427078677831537,16.51792310909749
menthol,CC1CCC(C(C1)O)C(C)C,C10H20O,-1.0,tcm,bo he,156.269,2.44,20.23,1,1,1,1.0,1,47.35,0,1,40.645161290322584,31/31 atoms had data,45.67741935483871,31/31 atoms had data,2.3529032258064517,31/31 atoms had data,12.844828842023224,31/31 atoms had data,0.9408452741935484,31/31 atoms had data,6.723941935483872,31/31 atoms had data,0.7097725161290322,31/31 atoms had data,1243.0645161290322,31/31 atoms had data,0.6308709677419355,31/31 atoms had data,1.2399999999999998,31,3,-2.5986271717099823,-4.3022785206189,0.09373841813602501,0.41200447489785563,0.17049189938317255,19.00684138894882
glycyrrhizin,CC1(C2CCC3(C(C2(CCC1OC4C(C(C(C(O4)C(=O)O)O)O)OC5C(C(C(C(O5)C(=O)O)O)O)O)C)C(=O)C=C6C3(CCC7(C6CC(CC7)(C)C(=O)O)C)C)C)C,C42H62O16,0.0,tcm,gan cao,822.942,2.246,267.04,8,13,7,0.857,16,199.438,0,7,45.416666666666664,120/120 atoms had data,50.36666666666667,120/120 atoms had data,2.4878333333333336,120/120 atoms had data,12.7827017026536,120/120 atoms had data,1.0262242,120/120 atoms had data,6.990340166666666,120/120 atoms had data,0.7702167666666667,120/120 atoms had data,1351.5451666666665,120/120 atoms had data,0.653875,120/120 atoms had data,1.2399999999999998,120,3,3.8216740068344968,-1.4940910832728502,-1.1463262741530136,-0.5769676609682395,15.053397302745473,-4.383204543933058
indigo,C1=CC=C2C(=C1)C(=C(N2)C3=NC4=CC=CC=C4C3=O)O,C16H10N2O2,-2.0,tcm,ban lan gen,262.268,3.191,65.45,2,3,1,0.0,4,76.933,3,4,54.0,30/30 atoms had data,58.4,30/30 atoms had data,2.525333333333333,30/30 atoms had data,12.415114801712,30/30 atoms had data,0.9286027,30/30 atoms had data,8.375703333333334,30/30 atoms had data,1.1735242000000001,30/30 atoms had data,2049.8759999999997,30/30 atoms had data,0.9120333333333334,30/30 atoms had data,1.2399999999999998,30,4,-2.37634434509784,5.009820158860723,-0.5951559696925671,-0.19378187755470178,9.326041184195562,-0.5792465163209854
ephedrine,C[C@@H]([C@@H](C1=CC=CC=C1)O)NC,C10H15NO,1.5,tcm,ma huang,165.236,1.328,32.26,2,2,3,0.4,2,49.924,1,1,44.44444444444444,27/27 atoms had data,49.333333333333336,27/27 atoms had data,2.4066666666666667,27/27 atoms had data,12.767839039890372,27/27 atoms had data,0.8887121666666666,27/27 atoms had data,7.1595055555555565,27/27 atoms had data,0.8149512222222223,27/27 atoms had data,1426.971851851852,27/27 atoms had data,0.6916851851851853,27/27 atoms had data,1.2399999999999998,27,4,-2.4377433132782667,-1.5072789660141457,0.6823839820610016,0.4892715404577173,0.5523094053622195,15.585231243254155
ferulic acid,COC1=C(C=CC(=C1)/C=C/C(=O)O)O,C10H10O4,1.5,tcm,dang gui,194.186,1.499,66.76,2,3,3,0.1,4,51.329,1,1,49.583333333333336,24/24 atoms had data,54.333333333333336,24/24 atoms had data,2.5524999999999998,24/24 atoms had data,12.627479835473332,24/24 atoms had data,1.08364975,24/24 atoms had data,7.4696291666666665,24/24 atoms had data,0.9169188333333333,24/24 atoms had data,1606.6374999999998,24/24 atoms had data,0.742625,24/24 atoms had data,1.2399999999999998,24,3,-1.8818818223748692,2.0168848908932913,1.231338245146241,0.1864359158289138,-2.6728500556942363,15.171919561356694
rutin,CC1C(C(C(C(O1)OCC2C(C(C(C(O2)OC3=C(OC4=CC(=CC(=C4C3=O)O)O)C5=CC(=C(C=C5)O)O)O)O)O)O)O)O,C27H30O16,-2.0,tcm,sang ye,610.521,-1.687,269.43,10,16,6,0.444,16,140.196,3,5,49.31506849315068,73/73 atoms had data,54.205479452054796,73/73 atoms had data,2.6012328767123285,73/73 atoms had data,12.737943508959999,73/73 atoms had data,1.0969983424657535,73/73 atoms had data,7.193332876712328,73/73 atoms had data,0.8140190136986302,73/73 atoms had data,1430.6452054794522,73/73 atoms had data,0.6685890410958905,73/73 atoms had data,1.2399999999999998,73,3,3.6912931816954235,1.9248486108426588,1.2128927913124496,-0.4958585882288109,0.8428009926027951,7.701463822579099
hesperidin,C[C@H]1[C@@H]([C@H]([C@H]([C@@H](O1)OC[C@@H]2[C@H]([C@@H]([C@H]([C@@H](O2)OC3=CC(=C4C(=O)C[C@H](OC4=C3)C5=CC(=C(C=C5)OC)O)O)O)O)O)O)O)O,C28H34O15,1.5,tcm,chen pi,610.565,-1.157,234.29,8,15,7,0.536,15,140.699,2,5,48.18181818181818,77/77 atoms had data,53.09090909090909,77/77 atoms had data,2.5688311688311685,77/77 atoms had data,12.752024080189923,77/77 atoms had data,1.0766060324675324,77/77 atoms had data,7.131710909090909,77/77 atoms had data,0.8002910129870132,77/77 atoms had data,1405.9524675324674,77/77 atoms had data,0.6635844155844156,77/77 atoms had data,1.2399999999999998,77,3,3.2575179775107204,0.9128438677975633,0.7837733762365845,-0.2841240073052056,5.271543739114624,4.153851264565869
betaine, C[N+](C)(C)CC(=O)[O-],C5H11NO2,0.0,tcm,gou qi zi,117.148,-1.557,40.13,0,2,2,0.8,3,27.906,0,0,42.63157894736842,19/19 atoms had data,47.8421052631579,19/19 atoms had data,2.466842105263158,19/19 atoms had data,13.034446950341895,19/19 atoms had data,0.848893,19/19 atoms had data,6.5304321052631575,19/19 atoms had data,0.5791927894736841,19/19 atoms had data,1022.4736842105264,19/19 atoms had data,0.5277105263157895,19/19 atoms had data,1.2399999999999998,19,4,-1.8439294540468474,-4.258757863741796,2.8112996531882466,1.5186456953584708,-3.3305031685178035,21.99294111231019
baicalin,C1=CC=C(C=C1)C2=CC(=O)C3=C(C(=C(C=C3O2)O[C@H]4[C@@H]([C@H]([C@@H]([C@H](O4)C(=O)O)O)O)O)O)O,C21H18O11,-2.0,tcm,huang qin,446.364,0.142,187.12,6,10,4,0.238,11,106.195,3,4,51.6,50/50 atoms had data,56.34,50/50 atoms had data,2.6198,50/50 atoms had data,12.62073244184896,50/50 atoms had data,1.12304515,50/50 atoms had data,7.5345596,50/50 atoms had data,0.9243172799999999,50/50 atoms had data,1621.4995999999999,50/50 atoms had data,0.73908,50/50 atoms had data,1.2399999999999998,50,3,1.2617183760248265,3.513394452183032,1.0709297282331693,-0.5044696382468898,-2.1490085453600534,11.034931093483333
eucalyptol,CC1(C2CCC(O1)(CC2)C)C,C10H18O,1.5,tcm,ai ye,154.253,2.744,9.23,0,1,0,1.0,1,45.527,0,3,41.724137931034484,29/29 atoms had data,46.689655172413794,29/29 atoms had data,2.3634482758620687,29/29 atoms had data,12.79285607215338,29/29 atoms had data,0.9537177068965517,29/29 atoms had data,6.876826896551724,29/29 atoms had data,0.7587166896551725,29/29 atoms had data,1327.8268965517243,29/29 atoms had data,0.6618620689655174,29/29 atoms had data,1.2399999999999998,29,3,-2.6756486836845252,-3.635788135349318,-0.37533339227593016,0.2660988739388701,2.4954033748344884,15.870276383672673
limonene,CC1=CCC(CC1)C(=C)C,C10H16,1.5,tcm,qing pi,136.238,3.309,0.0,0,0,1,0.6,0,45.912,0,1,42.30769230769231,26/26 atoms had data,47.15384615384615,26/26 atoms had data,2.3346153846153848,26/26 atoms had data,12.699150157006768,26/26 atoms had data,0.9495503846153847,26/26 atoms had data,7.11976,26/26 atoms had data,0.8462043076923076,26/26 atoms had data,1477.852307692308,26/26 atoms had data,0.7232307692307693,26/26 atoms had data,0.34999999999999964,26,2,-3.513755410981101,-2.5123108186316894,-0.6281379580744838,0.23181124411064394,3.431706737307318,14.285278104428778
arecoline,CN1CCC=C(C1)C(=O)OC,C8H13NO2,1.5,tcm,bin lang,155.197,0.421,29.54,0,3,1,0.625,3,42.213,0,1,44.583333333333336,24/24 atoms had data,49.583333333333336,24/24 atoms had data,2.455,24/24 atoms had data,12.859677002782,24/24 atoms had data,0.89265475,24/24 atoms had data,6.958017916666667,24/24 atoms had data,0.7335344583333335,24/24 atoms had data,1288.1258333333333,24/24 atoms had data,0.6316458333333334,24/24 atoms had data,1.2399999999999998,24,4,-2.2319655560296368,-2.413166621818605,1.4827154025327456,1.0361754417824807,1.6972804423795198,14.989288712243484
magnolol,C=CCC1=CC(=C(C=C1)O)C2=C(C=CC(=C2)CC=C)O,C18H18O2,1.5,tcm,hou pu,266.34,4.222,40.46,2,2,5,0.111,2,83.01,2,2,48.1578947368421,38/38 atoms had data,52.73684210526316,38/38 atoms had data,2.431052631578947,38/38 atoms had data,12.49192758138021,38/38 atoms had data,1.0319968157894737,38/38 atoms had data,7.766525789473685,38/38 atoms had data,1.0422129473684212,38/38 atoms had data,1818.9942105263158,38/38 atoms had data,0.8405526315789473,38/38 atoms had data,1.2399999999999998,38,3,-2.4753288696590983,2.1367521223142285,-1.0972550331211062,-0.6397475489491069,2.5606963059561068,9.94417954801003
catalpol,C1=COC(C2C1C(C3C2(O3)CO)O)OC4C(C(C(C(O4)CO)O)O)O,C15H22O10,-1.0,batch1,di huang,362.331,-3.59,161.6,6,10,4,0.867,10,76.542,0,4,46.808510638297875,47/47 atoms had data,51.851063829787236,47/47 atoms had data,2.575531914893617,47/47 atoms had data,12.856394215170043,47/47 atoms had data,1.0667065957446806,47/47 atoms had data,6.843753617021277,47/47 atoms had data,0.7024443404255319,47/47 atoms had data,1237.3663829787233,47/47 atoms had data,0.5981489361702128,47/47 atoms had data,1.2399999999999998,47,3,1.6903997510428739,-1.162563199494071,2.054578136758042,0.9508200840823394,7.1560674943902916,5.022458361703379
paeonol,CC(=O)C1=C(C=C(C=C1)OC)O,C9H10O3,-1.5,batch1,mu dan pi,166.176,1.603,46.53,1,3,2,0.222,3,44.663,1,1,48.18181818181818,22/22 atoms had data,52.95454545454545,22/22 atoms had data,2.512272727272727,22/22 atoms had data,12.644598456880003,22/22 atoms had data,1.058380068181818,22/22 atoms had data,7.3941409090909085,22/22 atoms had data,0.9002156363636366,22/22 atoms had data,1576.5681818181818,22/22 atoms had data,0.7366363636363636,22/22 atoms had data,1.2399999999999998,22,3,-2.3144104321110515,1.1561370603386107,0.9638773840665659,0.2167781559630237,-2.2000086697723864,15.834583185539763
imperatorin,CC(=CCOC1=C2C(=CC3=C1OC=C3)C=CC(=O)O2)C,C16H14O4,1.5,batch1,bai zhi,270.284,3.884,52.58,0,4,3,0.188,4,77.182,3,3,50.294117647058826,34/34 atoms had data,54.88235294117647,34/34 atoms had data,2.510588235294118,34/34 atoms had data,12.500442002114823,34/34 atoms had data,1.0763849411764705,34/34 atoms had data,7.7970452941176465,34/34 atoms had data,1.0354817647058825,34/34 atoms had data,1809.8629411764705,34/34 atoms had data,0.8261470588235295,34/34 atoms had data,1.2399999999999998,34,3,-2.079558991347719,3.259630999560683,-0.5140780818917486,-0.7893400531363877,-2.136911030589279,13.68306193811438
lobetyolin,CC=CC#CC#CC(C(C=CCCCO)OC1C(C(C(C(O1)CO)O)O)O)O,C20H28O8,0.0,batch1,dang shen,396.436,-1.556,139.84,6,8,8,0.6,8,100.473,0,1,46.07142857142857,56/56 atoms had data,51.0,56/56 atoms had data,2.5021428571428572,56/56 atoms had data,12.766187573996572,56/56 atoms had data,1.0365847857142856,56/56 atoms had data,7.046412142857142,56/56 atoms had data,0.7859421428571428,56/56 atoms had data,1379.1192857142855,56/56 atoms had data,0.6624642857142857,56/56 atoms had data,1.2399999999999998,56,3,0.8132294362649038,-0.8471637249187414,1.1015233054417097,0.729980424706204,9.866891918838324,2.401615358290842
tenuifolin,CC1(CCC2(CCC3(C(=CCC4C3(CCC5C4(CC(C(C5(C)C(=O)O)OC6C(C(C(C(O6)CO)O)O)O)O)C)C)C2C1)CO)C(=O)O)C,C36H56O12,1.5,batch1,yuan zhi,680.832,2.066,214.44,8,10,6,0.889,12,170.078,0,6,44.61538461538461,104/104 atoms had data,49.57692307692308,104/104 atoms had data,2.464230769230769,104/104 atoms had data,12.791342387380924,104/104 atoms had data,1.0115823653846152,104/104 atoms had data,6.949982307692308,104/104 atoms had data,0.7617335384615386,104/104 atoms had data,1336.1746153846154,104/104 atoms had data,0.6512307692307692,104/104 atoms had data,1.2399999999999998,104,3,2.607994378803391,-1.980416884311361,-0.8584675837555164,-0.3959300638626499,11.762011694001366,0.5163244734992274
icariin,CC1C(C(C(C(O1)OC2=C(OC3=C(C2=O)C(=CC(=C3CC=C(C)C)OC4C(C(C(C(O4)CO)O)O)O)O)C5=CC=C(C=C5)OC)O)O)O,C33H40O15,1.5,batch1,yin yang huo,676.668,0.068,238.2,8,15,9,0.485,15,166.65,3,5,47.84090909090909,88/88 atoms had data,52.71590909090909,88/88 atoms had data,2.5426136363636362,88/88 atoms had data,12.724976570516363,88/88 atoms had data,1.065163971590909,88/88 atoms had data,7.189595454545455,88/88 atoms had data,0.8252602272727274,88/88 atoms had data,1448.209090909091,88/88 atoms had data,0.6833522727272728,88/88 atoms had data,1.2399999999999998,88,3,3.422458703060886,1.1975537441181845,0.133348708164325,-0.8189146659886781,3.1846070174295393,6.15609094897588
pinoresinol diglucoside,COC1=C(C=CC(=C1)C2C3COC(C3CO2)C4=CC(=C(C=C4)OC5C(C(C(C(O5)CO)O)O)O)OC)OC6C(C(C(C(O6)CO)O)O)O,C32H42O16,1.5,batch1,du zhong,682.672,-1.864,235.68,8,16,10,0.625,16,159.144,2,6,47.22222222222222,90/90 atoms had data,52.15555555555556,90/90 atoms had data,2.544888888888889,90/90 atoms had data,12.770584046841243,90/90 atoms had data,1.0604646,90/90 atoms had data,7.063318,90/90 atoms had data,0.7824930222222223,90/90 atoms had data,1374.5024444444446,90/90 atoms had data,0.6548333333333334,90/90 atoms had data,1.2399999999999998,90,3,4.004792691944455,0.32136370590366065,0.3622993543859343,-0.3163617401628979,9.387228218557425,-0.24897813773589395
schisandrin,CC1CC2=CC(=C(C(=C2C3=C(C(=C(C=C3CC1(C)O)OC)OC)OC)OC)OC)OC,C24H32O7,1.5,batch1,wu wei zi,432.513,3.891,75.61,1,7,6,0.5,7,118.386,2,3,46.03174603174603,63/63 atoms had data,50.888888888888886,63/63 atoms had data,2.471111111111111,63/63 atoms had data,12.709894764513523,63/63 atoms had data,1.0262363571428572,63/63 atoms had data,7.18297650793651,63/63 atoms had data,0.8382822222222222,63/63 atoms had data,1468.4431746031748,63/63 atoms had data,0.7009047619047619,63/63 atoms had data,1.2399999999999998,63,3,-0.4298211771477236,-0.12413619523627839,-0.42037569150299076,-0.7260037808729952,-2.2247146175618946,16.091215916506297
astilbin,CC1C(C(C(C(O1)OC2C(OC3=CC(=CC(=C3C2=O)O)O)C4=CC(=C(C=C4)O)O)O)O)O,C21H22O11,0.0,batch1,tu fu ling,450.396,0.038,186.37,7,11,3,0.381,11,104.471,2,4,49.629629629629626,54/54 atoms had data,54.46296296296296,54/54 atoms had data,2.5887037037037035,54/54 atoms had data,12.693154779870222,54/54 atoms had data,1.0957229166666667,54/54 atoms had data,7.310304074074074,54/54 atoms had data,0.8558554074074074,54/54 atoms had data,1502.4262962962964,54/54 atoms had data,0.6977777777777777,54/54 atoms had data,1.2399999999999998,54,3,1.4228038668685783,1.892753384447965,1.1185982804105494,-0.2636212495355561,-0.5375165609096051,10.769364367610146
notoginsenoside R1,CC(=CCCC(C)(C1CCC2(C1C(CC3C2(CC(C4C3(CCC(C4(C)C)O)C)OC5C(C(C(C(O5)CO)O)O)OC6C(C(C(CO6)O)O)O)C)O)C)OC7C(C(C(C(O7)CO)O)O)O)C,C47H80O18,1.5,batch1,san qi,933.139,-0.417,298.14,12,18,12,0.957,18,228.967,0,7,43.93103448275862,145/145 atoms had data,48.95862068965517,145/145 atoms had data,2.467379310344828,145/145 atoms had data,12.84299037524745,145/145 atoms had data,1.0065878344827586,145/145 atoms had data,6.807371034482759,145/145 atoms had data,0.7133110620689656,145/145 atoms had data,1252.7393103448276,145/145 atoms had data,0.6188689655172414,145/145 atoms had data,1.2399999999999998,145,3,5.746868873171633,-2.3926273061413985,-1.0071763503539657,-0.3768525349301112,20.673138320392226,-10.992095414073548
mangiferin,C1=C2C(=CC(=C1O)O)OC3=C(C2=O)C(=C(C(=C3)O)C4C(C(C(C(O4)CO)O)O)O)O,C19H18O11,-2.0,batch1,zhi mu,422.342,-0.716,201.28,8,11,2,0.316,11,99.369,3,4,50.833333333333336,48/48 atoms had data,55.645833333333336,48/48 atoms had data,2.622708333333333,48/48 atoms had data,12.677417293592667,48/48 atoms had data,1.11725040625,48/48 atoms had data,7.377666250000001,48/48 atoms had data,0.8711638333333332,48/48 atoms had data,1529.8954166666665,48/48 atoms had data,0.7036250000000001,48/48 atoms had data,1.2399999999999998,48,3,1.5422001738278388,2.8838801330824895,1.5831138465213475,-0.40369704549838586,-4.970541608387292,14.545119346438435
evodiamine,CN1C2C3=C(CCN2C(=O)C4=CC=CC=C41)C5=CC=CC=C5N3,C19H17N3O,2.0,batch1,wu zhu yu,303.365,3.315,39.34,1,2,0,0.211,4,90.625,3,5,50.25,40/40 atoms had data,54.825,40/40 atoms had data,2.46025,40/40 atoms had data,12.5584861521828,40/40 atoms had data,0.8515672375,40/40 atoms had data,7.9705217500000005,40/40 atoms had data,1.045153425,40/40 atoms had data,1826.571,40/40 atoms had data,0.8350125000000002,40/40 atoms had data,1.2399999999999998,40,4,-2.321856039256791,2.392060800269561,-0.7774637808843697,-0.3082584117188046,5.761622026732455,5.996579424869369
ophiopogonin D,CC1CCC2(C(C3C(O2)CC4C3(CCC5C4CC=C6C5(C(CC(C6)O)OC7C(C(C(C(O7)C)O)OC8C(C(C(CO8)O)O)O)OC9C(C(C(C(O9)C)O)O)O)C)C)C)OC1,C44H70O16,-1.5,batch1,mai dong,855.028,0.852,235.68,8,16,6,0.955,16,208.16,0,9,44.53846153846154,130/130 atoms had data,49.52307692307692,130/130 atoms had data,2.471076923076923,130/130 atoms had data,12.809478987380922,130/130 atoms had data,1.0131130923076923,130/130 atoms had data,6.9038284615384615,130/130 atoms had data,0.7448205230769231,130/130 atoms had data,1307.2115384615386,130/130 atoms had data,0.6392076923076924,130/130 atoms had data,1.2399999999999998,130,3,4.299169173852642,-2.0995162768053075,-1.3655480680423258,-0.5850931462439216,17.16036381571301,-6.394331260176196
tetramethylpyrazine,CC1=C(N=C(C(=N1)C)C)C,C8H12N2,1.5,batch1,chuan xiong,136.198,1.71,25.78,0,2,0,0.5,2,40.98,1,1,45.0,22/22 atoms had data,49.90909090909091,22/22 atoms had data,2.4036363636363633,22/22 atoms had data,12.833265275528726,22/22 atoms had data,0.7430587272727273,22/22 atoms had data,7.2402418181818184,22/22 atoms had data,0.8001488181818182,22/22 atoms had data,1402.4863636363636,22/22 atoms had data,0.6795454545454546,22/22 atoms had data,0.8399999999999999,22,3,-3.0427892885537604,-2.0748207631565037,1.0010073840108715,1.0003379587394379,3.5506746962037594,13.190662257521483
puerarin,C1=CC(=CC=C1C2=COC3=C(C2=O)C=CC(=C3C4C(C(C(C(O4)CO)O)O)O)O)O,C21H20O9,-1.0,batch1,ge gen,416.382,0.386,160.82,6,9,3,0.286,9,103.97,3,4,50.2,50/50 atoms had data,54.94,50/50 atoms had data,2.5702,50/50 atoms had data,12.6199476420544,50/50 atoms had data,1.09476841,50/50 atoms had data,7.502844,50/50 atoms had data,0.9242682400000001,50/50 atoms had data,1619.868,50/50 atoms had data,0.7452600000000001,50/50 atoms had data,1.2399999999999998,50,3,0.6861318549092978,2.801420061973524,0.6755388031555827,-0.5597706466736103,-2.104369090997607,12.13312673986563
gastrodin,C1=CC(=CC=C1CO)OC2C(C(C(C(O2)CO)O)O)O,C13H18O7,0.0,batch1,tian ma,286.28,-1.642,119.61,5,7,4,0.538,7,66.76,1,2,46.8421052631579,38/38 atoms had data,51.81578947368421,38/38 atoms had data,2.548157894736842,38/38 atoms had data,12.802158897169683,38/38 atoms had data,1.058180302631579,38/38 atoms had data,6.977052105263159,38/38 atoms had data,0.7529113684210527,38/38 atoms had data,1323.5731578947368,38/38 atoms had data,0.6348947368421053,38/38 atoms had data,1.2399999999999998,38,3,0.19618337471754493,-0.3207541876194358,1.9371956162270725,0.5103154650880819,-1.3592572959063824,14.611256991140317
saikosaponin A,CC1C(C(C(C(O1)OC2CCC3(C(C2(C)CO)CCC4(C3C=CC56C4(CC(C7(C5CC(CC7)(C)C)CO6)O)C)C)C)O)OC8C(C(C(C(O8)CO)O)O)O)O,C42H68O13,-1.5,batch1,chai hu,780.993,1.777,207.99,8,13,6,0.952,13,196.825,0,8,44.0650406504065,123/123 atoms had data,49.040650406504064,123/123 atoms had data,2.4505691056910575,123/123 atoms had data,12.802119076010145,123/123 atoms had data,1.002347426829268,123/123 atoms had data,6.910434796747968,123/123 atoms had data,0.7514030894308944,123/123 atoms had data,1317.9274796747966,123/123 atoms had data,0.6461219512195122,123/123 atoms had data,1.2399999999999998,123,3,3.3878343063205523,-2.338345271538917,-1.4160596179667004,-0.6167349335365643,14.476518114336017,-2.572543198996433
phillyrin,COC1=C(C=C(C=C1)C2C3COC(C3CO2)C4=CC(=C(C=C4)OC5C(C(C(C(O5)CO)O)O)O)OC)OC,C27H34O11,-1.5,batch1,lian qiao,534.558,0.966,145.53,4,11,8,0.556,11,131.301,2,5,47.22222222222222,72/72 atoms had data,52.09722222222222,72/72 atoms had data,2.5206944444444446,72/72 atoms had data,12.724629752425333,72/72 atoms had data,1.0526679374999999,72/72 atoms had data,7.175579722222222,72/72 atoms had data,0.8252385555555556,72/72 atoms had data,1447.4880555555555,72/72 atoms had data,0.6860833333333333,72/72 atoms had data,1.2399999999999998,72,3,1.6423582295124137,0.4203547691681576,-0.016625793317061422,-0.5079462572732223,3.740336970826257,7.514580003945288
ginsenoside Rb1,CC(=CCCC(C)(C1CCC2(C1C(CC3C2(CCC4C3(CCC(C4(C)C)OC5C(C(C(C(O5)CO)O)O)OC6C(C(C(C(O6)CO)O)O)O)C)C)O)C)OC7C(C(C(C(O7)COC8C(C(C(C(O8)CO)O)O)O)O)O)O)C,C54H92O23,1.0,batch1,ren shen,1109.307,-2.203,377.29,15,23,16,0.963,23,266.217,0,8,44.142011834319526,169/169 atoms had data,49.18343195266272,169/169 atoms had data,2.4805917159763315,169/169 atoms had data,12.854006831198296,169/169 atoms had data,1.0126980857988166,169/169 atoms had data,6.785527337278107,169/169 atoms had data,0.7031812307692308,169/169 atoms had data,1235.676449704142,169/169 atoms had data,0.6105266272189348,169/169 atoms had data,1.2399999999999998,169,3,8.015710235369689,-2.205722428184039,-1.119793467840091,-0.35330582777883834,27.946224248542176,-20.720519519166288
matrine,C1CC2C3CCCN4C3C(CCC4)CN2C(=O)C1,C15H24N2O,-2.0,batch1,ku shen,248.37,1.872,23.55,0,2,0,0.933,3,70.161,0,4,43.80952380952381,42/42 atoms had data,48.73809523809524,42/42 atoms had data,2.3945238095238097,42/42 atoms had data,12.808408812458667,42/42 atoms had data,0.8498471071428574,42/42 atoms had data,7.089777142857143,42/42 atoms had data,0.7858468095238096,42/42 atoms had data,1376.6100000000001,42/42 atoms had data,0.673452380952381,42/42 atoms had data,1.2399999999999998,42,4,-2.055109741672614,-3.0235636179340797,-0.21536227766468125,0.6517538666573413,9.514601338157412,7.044417192471851
perillaldehyde,CC(=C)C1CCC(=CC1)C=O,C10H14O,1.5,batch2,zi su ye,150.221,2.488,17.07,0,1,2,0.5,1,46.302,0,1,44.4,25/25 atoms had data,49.2,25/25 atoms had data,2.3896,25/25 atoms had data,12.66396360287616,25/25 atoms had data,0.9856413399999999,25/25 atoms had data,7.2559816,25/25 atoms had data,0.8800982400000001,25/25 atoms had data,1538.0376,25/25 atoms had data,0.73872,25/25 atoms had data,1.2399999999999998,25,3,-3.0932369426017265,-1.282322592192627,-0.24514346779982163,0.37186649856055876,5.09469529466631,10.876242063673367
citric acid,C(C(=O)O)C(CC(=O)O)(C(=O)O)O,C6H8O7,0.0,batch2,wu mei,192.123,-1.248,132.13,4,4,5,0.5,7,37.091,0,0,49.523809523809526,21/21 atoms had data,54.666666666666664,21/21 atoms had data,2.7133333333333334,21/21 atoms had data,12.936934573385141,21/21 atoms had data,1.1349556428571428,21/21 atoms had data,6.712232380952382,21/21 atoms had data,0.6290386666666667,21/21 atoms had data,1115.032380952381,21/21 atoms had data,0.5324285714285715,21/21 atoms had data,1.2399999999999998,21,3,0.2641500222397499,0.04190592544819659,4.298471979603617,1.007901596110015,-12.650632476498213,26.40873125693335
atractyloside,CC(C)CC(=O)OC1C(C(C(OC1OC2CC(C3CCC45CC(CCC4C3(C2)C)C(=C)C5O)C(=O)O)CO)OS(=O)(=O)[O-])OS(=O)(=O)[O-].[K+].[K+],C30H44K2O16S2,1.5,batch2,cang er zi,802.996,-5.01,255.38,3,15,11,0.867,20,158.697,0,5,51.06382978723404,94/94 atoms had data,55.59574468085106,94/94 atoms had data,2.5014893617021277,94/94 atoms had data,12.589682843680679,94/94 atoms had data,1.0593948304255318,94/94 atoms had data,13.19481744680851,94/94 atoms had data,0.7653674042553191,94/94 atoms had data,1250.413191489362,94/94 atoms had data,2.283595744680851,94/94 atoms had data,2.62,94,5,3.4584410763912747,5.058103887101494,-6.248484761283777,10.17025495402695,231.8612552058238,-250.38022850596002
plantamajoside,C1=CC(=C(C=C1CCOC2C(C(C(C(O2)CO)OC(=O)C=CC3=CC(=C(C=C3)O)O)OC4C(C(C(C(O4)CO)O)O)O)O)O)O,C29H36O16,-2.0,batch2,che qian zi,640.591,-2.043,265.52,10,16,11,0.483,16,148.507,2,4,48.02469135802469,81/81 atoms had data,52.95061728395062,81/81 atoms had data,2.5702469135802466,81/81 atoms had data,12.765198422035754,81/81 atoms had data,1.0756825555555556,81/81 atoms had data,7.095752592592592,81/81 atoms had data,0.7879491358024692,81/81 atoms had data,1384.7056790123456,81/81 atoms had data,0.6552592592592593,81/81 atoms had data,1.2399999999999998,81,3,4.033907001404177,0.9192077057373553,1.037573427175175,-0.1483411758820238,7.231548372342899,1.430930646105291
diosgenin,CC1CCC2(C(C3C(O2)CC4C3(CCC5C4CC=C6C5(CCC(C6)O)C)C)C)OC1,C27H42O3,0.0,batch2,huang jing,414.63,5.714,38.69,1,3,0,0.926,3,117.701,0,6,43.333333333333336,72/72 atoms had data,48.208333333333336,72/72 atoms had data,2.3829166666666666,72/72 atoms had data,12.722449752996,72/72 atoms had data,0.9741214374999999,72/72 atoms had data,7.087480833333334,72/72 atoms had data,0.8251023333333334,72/72 atoms had data,1442.9558333333332,72/72 atoms had data,0.70325,72/72 atoms had data,1.2399999999999998,72,3,-1.45224293667315,-2.5977829549416747,-1.867986846475593,-0.6621051331544957,4.981185342240203,11.458157014504604
resveratrol,C1=CC(=CC=C1C=CC2=CC(=CC(=C2)O)O)O,C14H12O3,-1.5,batch2,hu zhang,228.247,2.974,60.69,3,3,2,0.0,3,66.806,2,2,50.3448275862069,29/29 atoms had data,54.89655172413793,29/29 atoms had data,2.4972413793103443,29/29 atoms had data,12.471707381435584,29/29 atoms had data,1.0725291896551723,29/29 atoms had data,7.868459310344829,29/29 atoms had data,1.062238206896552,29/29 atoms had data,1855.6041379310345,29/29 atoms had data,0.8454827586206897,29/29 atoms had data,1.2399999999999998,29,3,-2.3474749716051475,3.376646657685384,-0.25003239048010245,-0.4133199328147387,0.9732766307789644,10.260026752499563
platycodin D,CC1C(C(C(C(O1)OC2C(C(COC2OC(=O)C34CCC(CC3C5=CCC6C(C5(CC4O)C)(CCC7C6(CC(C(C7(CO)CO)OC8C(C(C(C(O8)CO)O)O)O)O)C)C)(C)C)O)O)O)O)OC9C(C(C(CO9)O)OC1C(C(CO1)(CO)O)O)O,C57H92O28,0.0,batch2,jie geng,1225.335,-5.378,453.28,17,28,14,0.947,28,281.632,0,10,45.02824858757062,177/177 atoms had data,50.06214689265537,177/177 atoms had data,2.5088700564971753,177/177 atoms had data,12.848578036567861,177/177 atoms had data,1.029592661016949,177/177 atoms had data,6.8200797740113,177/177 atoms had data,0.7087241129943503,177/177 atoms had data,1246.1204519774012,177/177 atoms had data,0.6106440677966102,177/177 atoms had data,1.2399999999999998,177,3,9.738424906647666,-1.6117472193693567,-0.8753570408360986,-0.12472098807238532,34.58396325260326,-29.841792117041905
notopterol,CC(=CC(CC(=CCOC1=C2C=CC(=O)OC2=CC3=C1C=CO3)C)O)C,C21H22O5,1.5,batch2,qiang huo,354.402,4.582,72.81,1,5,6,0.286,5,101.563,3,3,48.333333333333336,48/48 atoms had data,53.020833333333336,48/48 atoms had data,2.482291666666667,48/48 atoms had data,12.577542377354,48/48 atoms had data,1.05004909375,48/48 atoms had data,7.561592083333333,48/48 atoms had data,0.9626738333333335,48/48 atoms had data,1683.3795833333334,48/48 atoms had data,0.781625,48/48 atoms had data,1.2399999999999998,48,3,-1.254945517532472,1.9627317663788555,-0.7343112617659012,-1.0105155559298422,-3.358829187354238,15.82976288152534
ecdysterone,CC12CCC3C(=CC(=O)C4C3(CC(C(C4)O)O)C)C1(CCC2C(C)(C(CCC(C)(C)O)O)O)O,C27H44O7,0.0,batch2,niu xi,480.642,1.854,138.45,6,7,5,0.889,7,126.602,0,4,43.717948717948715,78/78 atoms had data,48.67948717948718,78/78 atoms had data,2.4324358974358975,78/78 atoms had data,12.790839310589536,78/78 atoms had data,0.99345625,78/78 atoms had data,6.929651794871795,78/78 atoms had data,0.7617021025641026,78/78 atoms had data,1335.128717948718,78/78 atoms had data,0.6551923076923076,78/78 atoms had data,1.2399999999999998,78,3,0.7364573470284916,-2.4489503433851847,-0.45476787716785083,-0.05660370717989103,8.324136905183732,5.978309374996819
purpurin,C1=CC=C2C(=C1)C(=O)C3=C(C2=O)C(=C(C=C3O)O)O,C14H8O5,-2.0,batch2,qian cao,256.213,1.579,94.83,3,5,0,0.0,5,64.743,2,3,54.81481481481482,27/27 atoms had data,59.25925925925926,27/27 atoms had data,2.611111111111111,27/27 atoms had data,12.389699483003259,27/27 atoms had data,1.1484738333333333,27/27 atoms had data,8.176180740740742,27/27 atoms had data,1.1410072592592595,27/27 atoms had data,1995.04,27/27 atoms had data,0.8832222222222224,27/27 atoms had data,1.2399999999999998,27,3,-1.6659159107113728,5.753066367384134,0.2962914647747189,-0.16312596632422746,5.15154030912588,2.7150731308609504
leonurine,COC1=CC(=CC(=C1O)OC)C(=O)OCCCCN=C(N)N,C14H21N3O5,-1.5,batch2,yi mu cao,311.338,0.62,129.39,3,6,8,0.429,8,81.404,1,1,46.51162790697674,43/43 atoms had data,51.53488372093023,43/43 atoms had data,2.516744186046512,43/43 atoms had data,12.904742281578047,43/43 atoms had data,0.8514727558139535,43/43 atoms had data,7.012774651162791,43/43 atoms had data,0.7165510930232559,43/43 atoms had data,1261.3506976744186,43/43 atoms had data,0.6112674418604651,43/43 atoms had data,1.2399999999999998,43,4,-0.027935127063259547,-1.3152450119080266,1.9588123097318235,0.8150510209112481,1.311606935248549,12.797679854285015
boswellic acid,CC1CCC2(CCC3(C(=CCC4C3(CCC5C4(CCC(C5(C)C(=O)O)O)C)C)C2C1C)C)C,C30H48O3,1.5,batch2,ru xiang,456.711,7.09,57.53,2,2,1,0.9,3,132.612,0,5,42.96296296296296,81/81 atoms had data,47.851851851851855,81/81 atoms had data,2.3755555555555556,81/81 atoms had data,12.733183632673187,81/81 atoms had data,0.9684971666666667,81/81 atoms had data,7.052361481481481,81/81 atoms had data,0.8149118518518518,81/81 atoms had data,1425.1466666666665,81/81 atoms had data,0.6974444444444445,81/81 atoms had data,1.2399999999999998,81,3,-1.3786940633399678,-2.7918543314304993,-1.9979633869431244,-0.8630279311781575,2.878051133834579,13.953176207992986
bornyl acetate,CC(=O)OC1CC2CCC1(C2(C)C)C,C12H20O2,1.5,batch2,sha ren,196.29,2.764,26.3,0,2,1,0.917,2,54.783,0,2,42.94117647058823,34/34 atoms had data,47.88235294117647,34/34 atoms had data,2.3964705882352937,34/34 atoms had data,12.774362944197648,34/34 atoms had data,0.9750457352941178,34/34 atoms had data,6.951241176470589,34/34 atoms had data,0.7765957647058823,34/34 atoms had data,1359.6999999999998,34/34 atoms had data,0.6695294117647058,34/34 atoms had data,1.2399999999999998,34,3,-2.3840576091621357,-2.8962251393048235,-0.13681942927161275,0.3178978586955553,3.022027681382043,14.318498724819358
tectoridin,COC1=C(C=C2C(=C1O)C(=O)C(=CO2)C3=CC=C(C=C3)O)OC4C(C(C(C(O4)CO)O)O)O,C22H22O11,-2.0,batch2,she gan,462.407,0.058,179.28,6,11,5,0.318,11,112.197,3,4,50.0,55/55 atoms had data,54.8,55/55 atoms had data,2.588,55/55 atoms had data,12.6671028020544,55/55 atoms had data,1.0987483,55/55 atoms had data,7.382844000000001,55/55 atoms had data,0.8802944,55/55 atoms had data,1544.564,55/55 atoms had data,0.7140000000000001,55/55 atoms had data,1.2399999999999998,55,3,1.4597649536058943,2.5198464407965493,0.9432498218576428,-0.5323931310837474,-2.326781401001205,12.119182731430188
linderane,CC1=CCCC23C(O2)C(C4=C(C1)OC=C4C)OC3=O,C15H16O4,1.5,batch2,wu yao,260.289,2.606,51.97,0,4,0,0.533,4,66.577,1,4,48.285714285714285,35/35 atoms had data,53.0,35/35 atoms had data,2.491714285714286,35/35 atoms had data,12.59861714520503,35/35 atoms had data,1.0526674,35/35 atoms had data,7.508964571428572,35/35 atoms had data,0.9430441142857142,35/35 atoms had data,1649.8102857142858,35/35 atoms had data,0.7674857142857143,35/35 atoms had data,1.2399999999999998,35,3,-1.9112359016213814,0.9811628772449219,-0.3230610890731756,-0.09645994144407696,4.442690012854335,8.550439535525106
costunolide,CC1=CCCC(=CC2C(CC1)C(=C)C(=O)O2)C,C15H20O2,1.5,batch2,mu xiang,232.323,3.551,26.3,0,2,0,0.533,2,68.492,0,2,45.13513513513514,37/37 atoms had data,49.91891891891892,37/37 atoms had data,2.4089189189189186,37/37 atoms had data,12.651600759532974,37/37 atoms had data,0.998321945945946,37/37 atoms had data,7.303843243243244,37/37 atoms had data,0.892006918918919,37/37 atoms had data,1559.1837837837836,37/37 atoms had data,0.7441621621621621,37/37 atoms had data,1.2399999999999998,37,3,-2.7692090256076938,-0.9668159809877052,-0.5877906009122325,0.08493189086044299,4.730724746313591,10.79303567212239
tetrahydropalmatine,COC1=C(C2=C(CC3C4=CC(=C(C=C4CCN3C2)OC)OC)C=C1)OC,C21H25NO4,1.5,batch2,yan hu suo,355.434,3.377,40.16,0,5,4,0.429,5,99.651,2,4,47.05882352941177,51/51 atoms had data,51.8235294117647,51/51 atoms had data,2.4578431372549026,51/51 atoms had data,12.655557100556864,51/51 atoms had data,0.9765456470588236,51/51 atoms had data,7.423093137254901,51/51 atoms had data,0.9060475882352941,51/51 atoms had data,1585.3478431372548,51/51 atoms had data,0.7463039215686275,51/51 atoms had data,1.2399999999999998,51,4,-1.3609243360847825,0.4571007110108396,-0.6215606343659088,-0.48475684549247305,1.6058768259224285,11.899146588631465
hyperoside,C1=CC(=C(C=C1C2=C(C(=O)C3=C(C=C(C=C3O2)O)O)OC4C(C(C(C(O4)CO)O)O)O)O)O,C21H20O12,0.0,batch2,tu si zi,464.379,-0.539,210.51,8,12,4,0.286,12,108.974,3,4,50.75471698113208,53/53 atoms had data,55.56603773584906,53/53 atoms had data,2.6194339622641505,53/53 atoms had data,12.676444228353208,53/53 atoms had data,1.1155049245283017,53/53 atoms had data,7.378154716981132,53/53 atoms had data,0.8720252075471698,53/53 atoms had data,1531.279245283019,53/53 atoms had data,0.7046037735849057,53/53 atoms had data,1.2399999999999998,53,3,1.9297798587031143,2.9052836618092606,1.4204546582899729,-0.4657568132593199,-3.5727160468347163,12.740281274841756
methyleugenol,COC1=C(C=C(C=C1)CC=C)OC,C11H14O2,1.5,batch2,xi xin,178.231,2.432,18.46,0,2,4,0.273,2,53.447,1,1,45.925925925925924,27/27 atoms had data,50.7037037037037,27/27 atoms had data,2.4344444444444444,27/27 atoms had data,12.647312595255706,27/27 atoms had data,1.0134913333333333,27/27 atoms had data,7.333316296296296,27/27 atoms had data,0.8964357037037038,27/27 atoms had data,1567.62,27/27 atoms had data,0.7438888888888889,27/27 atoms had data,1.2399999999999998,27,3,-2.6951317320770665,0.03958475126951859,0.10881783338695074,0.0552968873976236,-0.01610832509324922,14.90085262341646
stemonine,CCC1C2C3CCC(N3CCCC2OC14C=C(C(=O)O4)C)C5CC(C(=O)O5)C,C22H31NO5,1.0,batch2,bai bu,389.492,2.805,65.07,0,6,2,0.818,6,101.135,0,5,45.42372881355932,59/59 atoms had data,50.30508474576271,59/59 atoms had data,2.449830508474576,59/59 atoms had data,12.744107901003662,59/59 atoms had data,0.9669869576271187,59/59 atoms had data,7.156278135593221,59/59 atoms had data,0.8205123220338985,59/59 atoms had data,1437.4847457627118,59/59 atoms had data,0.6909745762711865,59/59 atoms had data,1.2399999999999998,59,4,-0.77989285836106,-1.6390993210834737,-0.6292043135668305,0.08352319045273698,9.188375145243683,5.225475441635551
atractylodin,CC=CC#CC#CC=CC1=CC=CO1,C13H10O,1.5,batch2,cang zhu,182.222,2.876,13.14,0,1,1,0.077,1,58.108,1,1,50.833333333333336,24/24 atoms had data,55.208333333333336,24/24 atoms had data,2.4412499999999997,24/24 atoms had data,12.332760085473334,24/24 atoms had data,1.0587754375,24/24 atoms had data,8.219629166666667,24/24 atoms had data,1.1917553333333335,24/24 atoms had data,2077.2875,24/24 atoms had data,0.9380000000000002,24/24 atoms had data,1.2399999999999998,24,3,-3.7661452802501136,3.7352892234084214,-1.3103623266802273,0.09524621645948733,14.576914419276969,-4.106971465379877
prim-O-glucosylcimifugin,CC(C)(C1CC2=C(O1)C=C3C(=C2OC)C(=O)C=C(O3)COC4C(C(C(C(O4)CO)O)O)O)O,C22H28O11,1.0,batch2,fang feng,468.455,-0.807,168.28,5,11,6,0.591,11,112.01,2,4,47.540983606557376,61/61 atoms had data,52.459016393442624,61/61 atoms had data,2.5498360655737704,61/61 atoms had data,12.758709149898491,61/61 atoms had data,1.06485781147541,61/61 atoms had data,7.099984918032787,61/61 atoms had data,0.793716131147541,61/61 atoms had data,1394.017704918033,61/61 atoms had data,0.6616229508196722,61/61 atoms had data,1.2399999999999998,61,3,1.655688828466467,0.4349035843149245,0.9386954393248714,-0.11172750153437389,1.9843998008402632,9.313056986321575
pachymic acid,CC(C)C(=C)CCC(C1C(CC2(C1(CCC3=C2CCC4C3(CCC(C4(C)C)OC(=O)C)C)C)C)O)C(=O)O,C33H52O5,0.0,batch2,fu ling,528.774,7.331,83.83,2,4,7,0.818,5,150.326,0,4,43.44444444444444,90/90 atoms had data,48.34444444444444,90/90 atoms had data,2.397222222222222,90/90 atoms had data,12.742206736300798,90/90 atoms had data,0.9797070499999999,90/90 atoms had data,7.041885777777778,90/90 atoms had data,0.8067867111111113,90/90 atoms had data,1411.8057777777778,90/90 atoms had data,0.6893666666666667,90/90 atoms had data,1.2399999999999998,90,3,-0.4450711462930405,-2.4727968855091698,-1.9113213738843982,-0.8726212289566686,4.783612792703436,10.893795496727408
rhynchophylline,CCC1CN2CCC3(C2CC1C(=COC)C(=O)OC)C4=CC=CC=C4NC3=O,C22H28N2O4,-1.0,batch2,gou teng,384.476,2.7,67.87,1,5,4,0.545,6,105.724,1,4,46.607142857142854,56/56 atoms had data,51.42857142857143,56/56 atoms had data,2.4560714285714282,56/56 atoms had data,12.714698931139429,56/56 atoms had data,0.9272952142857144,56/56 atoms had data,7.335697857142857,56/56 atoms had data,0.8644610357142859,56/56 atoms had data,1513.8939285714284,56/56 atoms had data,0.71825,56/56 atoms had data,1.2399999999999998,56,4,-0.8922681649321522,-0.5020549778744525,-0.3870830501049681,-0.007872148316309535,6.968517867560649,6.582774146520013
nuciferine,CN1CCC2=CC(=C(C3=C2C1CC4=CC=CC=C43)OC)OC,C19H21NO2,0.0,batch2,he ye,295.382,3.456,21.7,0,3,2,0.368,3,87.761,2,4,47.44186046511628,43/43 atoms had data,52.116279069767444,43/43 atoms had data,2.431860465116279,43/43 atoms had data,12.58797618855479,43/43 atoms had data,0.9614089069767441,43/43 atoms had data,7.612774651162791,43/43 atoms had data,0.9722205348837212,43/43 atoms had data,1698.7697674418605,43/43 atoms had data,0.7930581395348839,43/43 atoms had data,1.2399999999999998,43,4,-2.2496072619469043,0.9213944283056793,-0.9713197815736402,-0.4297840030853911,3.7382072814569947,9.698562575674899
hydroxysafflor yellow A,C1=CC(=CC=C1C=CC(=C2C(=C(C(=O)C(C2=O)(C3C(C(C(C(O3)CO)O)O)O)O)C4C(C(C(C(O4)CO)O)O)O)O)O)O,C27H32O16,1.5,batch2,hong hua,612.537,-4.403,295.36,12,16,6,0.481,16,138.949,1,4,48.666666666666664,75/75 atoms had data,53.586666666666666,75/75 atoms had data,2.590533333333333,75/75 atoms had data,12.76088992219136,75/75 atoms had data,1.0878569200000001,75/75 atoms had data,7.121700266666667,75/75 atoms had data,0.7923140266666667,75/75 atoms had data,1392.8682666666668,75/75 atoms had data,0.6556000000000001,75/75 atoms had data,1.2399999999999998,75,3,4.065504286349678,0.9990398245368677,1.6578759302341308,0.43825349209358394,11.34799374454316,-3.3134527132015794
tussilagone,CCC(=CC(=O)OC1CC(C2C(C1=C)CC(=O)C2C(C)OC(=O)C)C(C)C)C,C23H34O5,1.5,batch2,kuan dong hua,390.52,4.26,69.67,0,5,6,0.696,5,107.335,0,2,44.516129032258064,62/62 atoms had data,49.403225806451616,62/62 atoms had data,2.4298387096774197,62/62 atoms had data,12.732642486687483,62/62 atoms had data,0.9996279758064516,62/62 atoms had data,7.090995806451613,62/62 atoms had data,0.8162794838709678,62/62 atoms had data,1429.1990322580646,62/62 atoms had data,0.6915483870967741,62/62 atoms had data,1.2399999999999998,62,3,-1.0807689947344998,-1.7370229017664809,-0.6776440194054456,-0.10005388759081492,5.857255650754067,9.22055206822528
liensinine,CN1CCC2=CC(=C(C=C2C1CC3=CC=C(C=C3)O)OC4=C(C=CC(=C4)CC5C6=CC(=C(C=C6CCN5C)OC)OC)O)OC,C37H42N2O6,0.0,batch2,lian zi,610.751,6.459,83.86,2,8,9,0.351,8,174.386,4,6,47.47126436781609,87/87 atoms had data,52.195402298850574,87/87 atoms had data,2.4536781609195404,87/87 atoms had data,12.626916830065655,87/87 atoms had data,0.9694399310344829,87/87 atoms had data,7.517225517241378,87/87 atoms had data,0.9357882988505748,87/87 atoms had data,1636.5954022988503,87/87 atoms had data,0.7662873563218393,87/87 atoms had data,1.2399999999999998,87,4,0.4122312830751646,1.389429778930829,-1.9686819347830458,-1.8608271073496838,-2.8157342756890804,14.868440712800579
aloin,C1=CC2=C(C(=C1)O)C(=O)C3=C(C2C4C(C(C(C(O4)CO)O)O)O)C=C(C=C3O)CO,C21H22O9,-2.0,batch2,lu hui,418.398,-0.891,167.91,7,9,3,0.381,9,101.179,2,4,49.23076923076923,52/52 atoms had data,54.01923076923077,52/52 atoms had data,2.5559615384615384,52/52 atoms had data,12.657581732942154,52/52 atoms had data,1.0816694326923078,52/52 atoms had data,7.387623461538461,52/52 atoms had data,0.8887226153846155,52/52 atoms had data,1558.1042307692308,52/52 atoms had data,0.7235769230769231,52/52 atoms had data,1.2399999999999998,52,3,0.9491850690912991,1.8449433561349338,0.8447735163857846,-0.13165048438061364,2.5300197392492896,7.7650555439073505
oleanolic acid,CC1(CCC2(CCC3(C(=CCC4C3(CCC5C4(CCC(C5(C)C)O)C)C)C2C1)C)C(=O)O)C,C30H48O3,1.5,batch2,mu gua,456.711,7.234,57.53,2,2,1,0.9,3,132.682,0,5,42.96296296296296,81/81 atoms had data,47.851851851851855,81/81 atoms had data,2.3755555555555556,81/81 atoms had data,12.733183632673187,81/81 atoms had data,0.9684971666666667,81/81 atoms had data,7.052361481481481,81/81 atoms had data,0.8149118518518518,81/81 atoms had data,1425.1466666666665,81/81 atoms had data,0.6974444444444445,81/81 atoms had data,1.2399999999999998,81,3,-1.3902962913438863,-2.794334239885739,-2.0158036059636153,-0.8832974029795079,2.679740572063941,14.185430893707522
praeruptorin A,CC=C(C)C(=O)OC1C(C2=C(C=CC3=C2OC(=O)C=C3)OC1(C)C)OC(=O)C,C21H22O7,-1.5,batch2,qian hu,386.4,3.446,92.04,0,7,3,0.381,7,101.009,2,3,48.8,50/50 atoms had data,53.54,50/50 atoms had data,2.5206,50/50 atoms had data,12.619162842259838,50/50 atoms had data,1.06649167,50/50 atoms had data,7.4711284000000004,50/50 atoms had data,0.9242192,50/50 atoms had data,1618.2364000000002,50/50 atoms had data,0.7514400000000001,50/50 atoms had data,1.2399999999999998,50,3,-0.8936818452770711,1.6371587552219442,-0.18247498757550568,-0.542760070249798,-0.21668637969940274,12.36556327523021
echinacoside,CC1C(C(C(C(O1)OC2C(C(OC(C2OC(=O)C=CC3=CC(=C(C=C3)O)O)COC4C(C(C(C(O4)CO)O)O)O)OCCC5=CC(=C(C=C5)O)O)O)O)O)O,C35H46O20,1.5,batch2,rou cong rong,786.733,-3.192,324.44,12,20,13,0.571,20,179.729,2,5,47.524752475247524,101/101 atoms had data,52.48514851485149,101/101 atoms had data,2.5668316831683167,101/101 atoms had data,12.792073309269862,101/101 atoms had data,1.070192128712871,101/101 atoms had data,7.018089702970297,101/101 atoms had data,0.762672594059406,101/101 atoms had data,1340.9946534653463,101/101 atoms had data,0.6390000000000001,101/101 atoms had data,1.2399999999999998,101,3,5.744961170217519,0.5836916259069945,0.8166409036752044,-0.17492798548541677,12.534136138520399,-5.205860254803909
morusin,CC(=CCC1=C(OC2=C(C1=O)C(=CC3=C2C=CC(O3)(C)C)O)C4=C(C=C(C=C4)O)O)C,C25H24O6,-2.0,batch2,sang bai pi,420.461,5.27,100.13,3,6,3,0.24,6,119.79,3,4,49.27272727272727,55/55 atoms had data,53.90909090909091,55/55 atoms had data,2.4943636363636363,55/55 atoms had data,12.537784365877526,55/55 atoms had data,1.0621879272727273,55/55 atoms had data,7.6812843636363635,55/55 atoms had data,1.000178472727273,55/55 atoms had data,1748.4552727272728,55/55 atoms had data,0.8048727272727273,55/55 atoms had data,1.2399999999999998,55,3,-0.8989319111978387,2.6094945244875096,-1.0623713761688698,-1.282293696124828,-3.0926469324935395,14.691435937993289
jujuboside A,CC1C(C(C(C(O1)OC2C(C(COC2OC3CCC4(C5CCC6C7C(CC(OC78CC6(C5(CCC4C3(C)C)C)CO8)C=C(C)C)(C)O)C)O)OC9C(C(C(C(O9)COC1C(C(C(C(O1)CO)O)O)O)O)O)OC1C(C(C(CO1)O)O)O)O)O)O,C58H94O26,0.0,batch2,suan zao ren,1207.364,-2.718,393.98,14,26,13,0.966,26,282.683,0,11,44.7752808988764,178/178 atoms had data,49.79775280898876,178/178 atoms had data,2.4951685393258427,178/178 atoms had data,12.839434654397662,178/178 atoms had data,1.022956084269663,178/178 atoms had data,6.8363389887640444,178/178 atoms had data,0.7170882921348315,178/178 atoms had data,1260.1221348314607,178/178 atoms had data,0.6178820224719102,178/178 atoms had data,1.2399999999999998,178,3,8.76493635754172,-1.8411249343439415,-1.5483923791139491,-0.5490844470965766,30.84849704590365,-24.742061094223537
amygdalin,C1=CC=C(C=C1)C(C#N)OC2C(C(C(C(O2)COC3C(C(C(C(O3)CO)O)O)O)O)O)O,C20H27NO11,0.0,batch2,tao ren,457.432,-3.108,202.32,7,12,7,0.65,12,102.282,1,3,47.45762711864407,59/59 atoms had data,52.440677966101696,59/59 atoms had data,2.5640677966101695,59/59 atoms had data,12.825362070146982,59/59 atoms had data,1.0216592118644068,59/59 atoms had data,7.0066435593220335,59/59 atoms had data,0.7460635084745763,59/59 atoms had data,1312.6162711864406,59/59 atoms had data,0.6275169491525423,59/59 atoms had data,1.2399999999999998,59,4,2.281893915050528,-0.2701478483165074,1.823102094459778,0.7085615147184482,7.993376646095814,2.836041855004847
harpagoside,CC1(CC(C2(C1C(OC=C2)OC3C(C(C(C(O3)CO)O)O)O)O)O)OC(=O)C=CC4=CC=CC=C4,C24H30O11,-1.5,batch2,xuan shen,494.493,-1.2,175.37,6,11,6,0.542,11,117.902,1,4,47.53846153846154,65/65 atoms had data,52.43076923076923,65/65 atoms had data,2.539076923076923,65/65 atoms had data,12.738441817755076,65/65 atoms had data,1.0613685307692309,65/65 atoms had data,7.149435384615385,65/65 atoms had data,0.8125668923076923,65/65 atoms had data,1426.2015384615386,65/65 atoms had data,0.6754153846153846,65/65 atoms had data,1.2399999999999998,65,3,1.7630314523587947,0.3040389637884062,0.7624414152277575,0.14157257620970695,7.477524927141523,3.3088670148323294
alisol B,CC(CC(C1C(O1)(C)C)O)C2=C3CC(C4C5(CCC(=O)C(C5CCC4(C3(CC2)C)C)(C)C)C)O,C30H48O4,-2.0,batch2,ze xie,472.71,5.84,70.06,2,4,4,0.9,4,134.181,0,5,43.170731707317074,82/82 atoms had data,48.073170731707314,82/82 atoms had data,2.388536585365854,82/82 atoms had data,12.743974734713758,82/82 atoms had data,0.9745046829268293,82/82 atoms had data,7.030991219512195,82/82 atoms had data,0.8049898536585366,82/82 atoms had data,1408.4351219512193,82/82 atoms had data,0.6892682926829269,82/82 atoms had data,1.2399999999999998,82,3,-0.7137631809870368,-2.690779115275222,-1.7758397628122333,-0.6764504835797704,5.7326805708384265,10.220776608743298
