herb,marker_compound,smiles,formula_verified,MolWt,LogP,TPSA,HBD,HBA,RotatableBonds,AromaticRings,FractionCSP3,NumHeteroatoms,MolarRefractivity,RingCount,hc_signed,hot_cold_label,herb_pinyin,tcm_property,tcm_property_numeric,avg_atomic_radius,atomic_radius_coverage,avg_covalent_radius,covalent_radius_coverage,avg_electronegativity_pauling,electronegativity_pauling_coverage,avg_first_ionization_energy,first_ionization_energy_coverage,avg_electron_affinity,electron_affinity_coverage,avg_dipole_polarizability,dipole_polarizability_coverage,avg_density,density_coverage,avg_melting_point,melting_point_coverage,avg_thermal_conductivity,thermal_conductivity_coverage,electronegativity_spread,total_atoms,unique_elements,PC1,PC2,PC3,PC4,pred_Hot_Cold,pred_Dry_Wet
Birch lvs,betulin,CC(=C)C1CCC2(CCC3(C)C(CCC4C3(C)CCC3C4(C)CCC(O)C3(C)C)C12)CO,C30H50O2,442.73,6.997,40.46,2,2,2,0,0.933,2,132.06,5,1.0,1.0,,,,42.31707317073171,82/82 atoms had data,47.21951219512195,82/82 atoms had data,2.3582926829268294,82/82 atoms had data,12.74349619825366,82/82 atoms had data,0.957262768292683,82/82 atoms had data,7.011652439024391,82/82 atoms had data,0.8049599512195121,82/82 atoms had data,1407.440243902439,82/82 atoms had data,0.6930365853658538,82/82 atoms had data,1.2399999999999998,82,3,-2.3441874308267527,0.7599434691051155,2.0545951299837846,-1.5558717443760937,3.363996306767935,15.180949642080925
Caraway sd,carvone,CC1=CCC(CC1=O)C(=C)C,C10H14O,150.22,2.488,17.07,0,1,1,0,0.5,1,46.3,1,8.0,8.0,,,,44.4,25/25 atoms had data,49.2,25/25 atoms had data,2.3896,25/25 atoms had data,12.66396360287616,25/25 atoms had data,0.98564134,25/25 atoms had data,7.2559816,25/25 atoms had data,0.8800982400000001,25/25 atoms had data,1538.0376,25/25 atoms had data,0.73872,25/25 atoms had data,1.2399999999999998,25,3,-1.640235600295306,1.6459033824603417,0.03802013158322266,0.3509818386307213,2.251221340559296,13.465016617334815
Cinnamon,cinnamaldehyde,C(=C/C=O)\c1ccccc1,C9H8O,132.16,1.899,17.07,0,1,2,1,0.0,1,41.54,1,8.0,8.0,,,,49.44444444444444,18/18 atoms had data,53.94444444444444,18/18 atoms had data,2.443888888888889,18/18 atoms had data,12.430455002282669,18/18 atoms had data,1.04743025,18/18 atoms had data,7.947604444444445,18/18 atoms had data,1.1001091111111112,18/18 atoms had data,1919.2711111111116,18/18 atoms had data,0.8771666666666667,18/18 atoms had data,1.2399999999999998,18,3,1.5236288505749347,3.772907053381485,-0.7770761532479161,0.5358892308963155,6.652513088794568,5.191784637001089
Comfrey rt,allantoin,C1(=O)NC(=O)NC1NC(=O)N,C4H6N4O3,158.12,-2.18,113.32,4,3,1,0,0.25,7,33.18,1,-3.0,-3.0,,,,51.1764705882353,17/17 atoms had data,56.47058823529412,17/17 atoms had data,2.698823529411765,17/17 atoms had data,13.271910001812708,17/17 atoms had data,0.4915874411764707,17/17 atoms had data,6.926038823529412,17/17 atoms had data,0.5181762352941177,17/17 atoms had data,928.330588235294,17/17 atoms had data,0.4490588235294118,17/17 atoms had data,1.2399999999999998,17,4,-2.052673239529139,-4.797026512518241,-5.923433205498279,-2.691446035104756,-3.008989916819118,18.994145277294752
Coriander sd,linalool,CC(=CCCC(C)(C=C)O)C,C10H18O,154.25,2.67,20.23,1,1,4,0,0.6,1,49.49,0,-3.0,-3.0,,,,41.72413793103448,29/29 atoms had data,46.689655172413794,29/29 atoms had data,2.3634482758620687,29/29 atoms had data,12.79285607215338,29/29 atoms had data,0.9537177068965516,29/29 atoms had data,6.876826896551724,29/29 atoms had data,0.7587166896551725,29/29 atoms had data,1327.8268965517243,29/29 atoms had data,0.6618620689655174,29/29 atoms had data,1.2399999999999998,29,3,-3.2492602165396156,0.32609760959271306,0.4812823348307495,0.2761692343158331,-0.40853396470064973,18.034266853144107
Fennel sd,anethole,COc1ccc(/C=C/C)cc1,C10H12O,148.2,2.728,9.23,0,1,2,1,0.2,1,47.7,1,1.0,1.0,,,,46.08695652173913,23/23 atoms had data,50.78260869565217,23/23 atoms had data,2.4060869565217398,23/23 atoms had data,12.582705307027476,23/23 atoms had data,1.005767108695652,23/23 atoms had data,7.495013913043478,23/23 atoms had data,0.956621391304348,23/23 atoms had data,1670.561739130435,23/23 atoms had data,0.7871739130434783,23/23 atoms had data,1.2399999999999998,23,3,-0.6045703718051652,2.4812611166955136,-0.15278575024181199,0.28455731328381645,4.111735570501692,10.49407296114994
Ginger rt,6-gingerol,CCCCCC(O)CC(=O)CCc1ccc(O)c(OC)c1,C17H26O4,294.39,3.234,66.76,2,4,10,1,0.588,4,82.75,1,12.0,12.0,,,,44.255319148936174,47/47 atoms had data,49.17021276595744,47/47 atoms had data,2.4321276595744683,47/47 atoms had data,12.754394300713532,47/47 atoms had data,0.9980754680851064,47/47 atoms had data,7.031592765957448,47/47 atoms had data,0.7959013617021279,47/47 atoms had data,1394.1161702127658,47/47 atoms had data,0.677808510638298,47/47 atoms had data,1.2399999999999998,47,3,-1.455250920996993,-0.034769208488816074,0.6250596074535505,-0.12990223320641717,0.2791142499370929,15.408141592717483
Melissa lvs,citronellal,CC(CCC=C(C)C)CC=O,C10H18O,154.25,2.958,17.07,0,1,5,0,0.7,1,48.51,0,-4.0,-4.0,,,,41.72413793103448,29/29 atoms had data,46.689655172413794,29/29 atoms had data,2.3634482758620687,29/29 atoms had data,12.79285607215338,29/29 atoms had data,0.9537177068965516,29/29 atoms had data,6.876826896551724,29/29 atoms had data,0.7587166896551725,29/29 atoms had data,1327.8268965517243,29/29 atoms had data,0.6618620689655174,29/29 atoms had data,1.2399999999999998,29,3,-3.3552312122627717,0.4953596729676658,0.47062448875727786,0.22439080533210068,-0.08805102967826106,17.923866059006016
Thyme lvs,thymol,CC1=CC(=C(C=C1)C(C)C)O,C10H14O,150.22,2.824,20.23,1,1,1,1,0.4,1,46.93,1,1.0,1.0,,,,44.4,25/25 atoms had data,49.2,25/25 atoms had data,2.3896,25/25 atoms had data,12.66396360287616,25/25 atoms had data,0.98564134,25/25 atoms had data,7.2559816,25/25 atoms had data,0.8800982400000001,25/25 atoms had data,1538.0376,25/25 atoms had data,0.73872,25/25 atoms had data,1.2399999999999998,25,3,-1.55619004264124,1.5656798175297186,0.161010628732005,0.22718964017921253,2.3341555001014167,13.396541920960804
Turmeric rt,curcumin,COC1=C(C=CC(=C1)/C=C/C(=O)CC(=O)/C=C/C2=CC(=C(C=C2)O)OC)O,C21H20O6,368.39,3.37,93.06,2,6,8,2,0.143,6,102.02,2,1.0,1.0,,,,49.57446808510638,47/47 atoms had data,54.234042553191486,47/47 atoms had data,2.51468085106383,47/47 atoms had data,12.55623872558979,47/47 atoms had data,1.0713846808510636,47/47 atoms had data,7.6434510638297875,47/47 atoms had data,0.983180595744681,47/47 atoms had data,1719.7659574468084,47/47 atoms had data,0.7911063829787235,47/47 atoms had data,1.2399999999999998,47,3,1.952098807748923,1.4337938124371021,0.11915582704753151,-0.2902155132456681,4.209489093931026,7.5343782697339545
Willow bk,salicin,OCc1ccccc1OC1OC(CO)C(O)C(O)C1O,C13H18O7,286.28,-1.642,119.61,5,7,4,1,0.538,7,66.76,2,-7.0,-7.0,,,,46.8421052631579,38/38 atoms had data,51.81578947368421,38/38 atoms had data,2.548157894736842,38/38 atoms had data,12.802158897169685,38/38 atoms had data,1.058180302631579,38/38 atoms had data,6.977052105263159,38/38 atoms had data,0.7529113684210527,38/38 atoms had data,1323.5731578947368,38/38 atoms had data,0.6348947368421053,38/38 atoms had data,1.2399999999999998,38,3,0.142466153872988,-2.1255149252531202,-0.7044889035661419,1.3113562515852908,-4.696650239394999,16.376836169576105
,menthol,CC1CCC(C(C1)O)C(C)C,C10H20O,156.27,2.44,20.23,1,1,1,0,1.0,1,47.35,1,,-1.0,bo he,cool,-1.0,40.64516129032258,31/31 atoms had data,45.67741935483871,31/31 atoms had data,2.352903225806452,31/31 atoms had data,12.844828842023224,31/31 atoms had data,0.9408452741935484,31/31 atoms had data,6.723941935483872,31/31 atoms had data,0.7097725161290322,31/31 atoms had data,1243.0645161290322,31/31 atoms had data,0.6308709677419355,31/31 atoms had data,1.2399999999999998,31,3,-3.925551017079989,-0.19823557390864968,0.5811000807702669,0.3424071215326531,-1.622611415160364,19.95218311807671
,chlorogenic acid,C1[C@H]([C@H]([C@@H](C[C@@]1(C(=O)O)O)OC(=O)/C=C/C2=CC(=C(C=C2)O)O)O)O,C16H18O9,354.31,-0.646,164.75,6,8,4,1,0.375,9,82.52,2,,-2.0,jin yin hua,cold,-2.0,49.06976744186046,43/43 atoms had data,53.95348837209303,43/43 atoms had data,2.5897674418604653,43/43 atoms had data,12.732535676568558,43/43 atoms had data,1.0911496627906976,43/43 atoms had data,7.200650697674418,43/43 atoms had data,0.8189127441860465,43/43 atoms had data,1438.7297674418603,43/43 atoms had data,0.6732558139534883,43/43 atoms had data,1.2399999999999998,43,3,1.7326047985880326,-1.8412542262440743,-0.5708064157383619,0.8719871792982165,-2.9772541463471947,13.136550511966837
,glycyrrhizin,CC1(C2CCC3(C(C2(CCC1OC4C(C(C(C(O4)C(=O)O)O)O)OC5C(C(C(C(O5)C(=O)O)O)O)O)C)C(=O)C=C6C3(CCC7(C6CC(CC7)(C)C(=O)O)C)C)C)C,C42H62O16,822.94,2.246,267.04,8,13,7,0,0.857,16,199.44,7,,0.0,gan cao,even,0.0,45.41666666666666,120/120 atoms had data,50.36666666666667,120/120 atoms had data,2.4878333333333336,120/120 atoms had data,12.7827017026536,120/120 atoms had data,1.0262242,120/120 atoms had data,6.990340166666666,120/120 atoms had data,0.7702167666666667,120/120 atoms had data,1351.5451666666663,120/120 atoms had data,0.653875,120/120 atoms had data,1.2399999999999998,120,3,1.3270062267974239,-3.4386825661210962,2.4370621513438864,-1.0661112874151173,-2.96533492438105,15.703597417784284
,emodin,CC1=CC2=C(C(=C1)O)C(=O)C3=C(C2=O)C=C(C=C3O)O,C15H10O5,270.24,1.887,94.83,3,5,0,2,0.067,5,69.48,3,,-2.0,da huang,cold,-2.0,53.333333333333336,30/30 atoms had data,57.833333333333336,30/30 atoms had data,2.5816666666666666,30/30 atoms had data,12.432635001712,30/30 atoms had data,1.12597675,30/30 atoms had data,8.035703333333334,30/30 atoms had data,1.1002453333333333,30/30 atoms had data,1923.8033333333333,30/30 atoms had data,0.8600000000000001,30/30 atoms had data,1.2399999999999998,30,3,4.028430641079345,2.408291161462449,-1.0147071397372174,0.32510820988395206,5.6899278178365975,2.851631483797334
,ephedrine,C[C@@H]([C@@H](C1=CC=CC=C1)O)NC,C10H15NO,165.24,1.328,32.26,2,2,3,1,0.4,2,49.92,1,,1.5,ma huang,warm,1.5,44.44444444444444,27/27 atoms had data,49.333333333333336,27/27 atoms had data,2.4066666666666667,27/27 atoms had data,12.767839039890372,27/27 atoms had data,0.8887121666666666,27/27 atoms had data,7.1595055555555565,27/27 atoms had data,0.8149512222222223,27/27 atoms had data,1426.971851851852,27/27 atoms had data,0.6916851851851853,27/27 atoms had data,1.2399999999999998,27,4,-1.9689947593977966,0.3125754087943416,-0.5785793235631094,-0.10780156543023303,0.7437751870844524,15.340634243037849
,ferulic acid,COC1=C(C=CC(=C1)/C=C/C(=O)O)O,C10H10O4,194.19,1.499,66.76,2,3,3,1,0.1,4,51.33,1,,1.5,dang gui,warm,1.5,49.583333333333336,24/24 atoms had data,54.333333333333336,24/24 atoms had data,2.5525,24/24 atoms had data,12.627479835473332,24/24 atoms had data,1.08364975,24/24 atoms had data,7.469629166666666,24/24 atoms had data,0.9169188333333332,24/24 atoms had data,1606.6374999999998,24/24 atoms had data,0.742625,24/24 atoms had data,1.2399999999999998,24,3,1.1880588362518303,0.9862807972344194,-1.0395393200914578,0.6559506942189184,1.8237382895984555,9.682997900149381
,hesperidin,C[C@H]1[C@@H]([C@H]([C@H]([C@@H](O1)OC[C@@H]2[C@H]([C@@H]([C@H]([C@@H](O2)OC3=CC(=C4C(=O)C[C@H](OC4=C3)C5=CC(=C(C=C5)OC)O)O)O)O)O)O)O)O,C28H34O15,610.57,-1.157,234.29,8,15,7,2,0.536,15,140.7,5,,1.5,chen pi,warm,1.5,48.18181818181818,77/77 atoms had data,53.09090909090909,77/77 atoms had data,2.5688311688311685,77/77 atoms had data,12.752024080189925,77/77 atoms had data,1.0766060324675324,77/77 atoms had data,7.131710909090909,77/77 atoms had data,0.8002910129870132,77/77 atoms had data,1405.9524675324674,77/77 atoms had data,0.6635844155844156,77/77 atoms had data,1.2399999999999998,77,3,2.4512710330844225,-3.443538848702491,0.7077141570382227,0.41742366227088723,-4.738447997798404,14.367422533200022
,rutin,CC1C(C(C(C(O1)OCC2C(C(C(C(O2)OC3=C(OC4=CC(=CC(=C4C3=O)O)O)C5=CC(=C(C=C5)O)O)O)O)O)O)O)O,C27H30O16,610.52,-1.687,269.43,10,16,6,3,0.444,16,140.2,5,,-2.0,sang ye,cold,-2.0,49.31506849315068,73/73 atoms had data,54.2054794520548,73/73 atoms had data,2.6012328767123285,73/73 atoms had data,12.73794350896,73/73 atoms had data,1.0969983424657537,73/73 atoms had data,7.193332876712328,73/73 atoms had data,0.8140190136986302,73/73 atoms had data,1430.6452054794522,73/73 atoms had data,0.6685890410958905,73/73 atoms had data,1.2399999999999998,73,3,3.348616270800827,-3.8792698989267134,0.5770699196637195,0.525967506685254,-5.2828193736611695,13.570977043499362
,betaine, C[N+](C)(C)CC(=O)[O-],C5H11NO2,117.15,-1.557,40.13,0,2,2,0,0.8,3,27.91,0,,0.0,gou qi zi,even,0.0,42.63157894736842,19/19 atoms had data,47.8421052631579,19/19 atoms had data,2.466842105263158,19/19 atoms had data,13.034446950341897,19/19 atoms had data,0.848893,19/19 atoms had data,6.5304321052631575,19/19 atoms had data,0.5791927894736841,19/19 atoms had data,1022.4736842105264,19/19 atoms had data,0.5277105263157895,19/19 atoms had data,1.2399999999999998,19,4,-4.166128986771788,-2.4009166868172818,-1.7537042999381216,0.7012768448681208,-5.6370542937678705,22.91206180589986
,baicalin,C1=CC=C(C=C1)C2=CC(=O)C3=C(C(=C(C=C3O2)O[C@H]4[C@@H]([C@H]([C@@H]([C@H](O4)C(=O)O)O)O)O)O)O,C21H18O11,446.36,0.142,187.12,6,10,4,3,0.238,11,106.19,4,,-2.0,huang qin,cold,-2.0,51.6,50/50 atoms had data,56.34,50/50 atoms had data,2.6198,50/50 atoms had data,12.62073244184896,50/50 atoms had data,1.12304515,50/50 atoms had data,7.5345596,50/50 atoms had data,0.92431728,50/50 atoms had data,1621.4996,50/50 atoms had data,0.73908,50/50 atoms had data,1.2399999999999998,50,3,3.5811733105102075,-1.0505466823170635,-0.42533304502978175,0.46053579026634145,-0.3838421573057552,8.784943281552476
,eucalyptol,CC1(C2CCC(O1)(CC2)C)C,C10H18O,154.25,2.744,9.23,0,1,0,0,1.0,1,45.53,3,,1.5,ai ye,warm,1.5,41.72413793103448,29/29 atoms had data,46.689655172413794,29/29 atoms had data,2.3634482758620687,29/29 atoms had data,12.79285607215338,29/29 atoms had data,0.9537177068965516,29/29 atoms had data,6.876826896551724,29/29 atoms had data,0.7587166896551725,29/29 atoms had data,1327.8268965517243,29/29 atoms had data,0.6618620689655174,29/29 atoms had data,1.2399999999999998,29,3,-3.3750534628953055,0.4990302417558837,0.41628862784296283,0.29026041432603983,-0.1878897913387766,17.979367508801822
,limonene,CC1=CCC(CC1)C(=C)C,C10H16,136.24,3.309,0.0,0,0,1,0,0.6,0,45.91,1,,1.5,qing pi,warm,1.5,42.30769230769231,26/26 atoms had data,47.15384615384615,26/26 atoms had data,2.3346153846153848,26/26 atoms had data,12.699150157006768,26/26 atoms had data,0.9495503846153848,26/26 atoms had data,7.11976,26/26 atoms had data,0.8462043076923076,26/26 atoms had data,1477.852307692308,26/26 atoms had data,0.7232307692307693,26/26 atoms had data,0.3499999999999996,26,2,-2.822874647193771,1.6619220430157577,0.536327333586653,0.09899011594802366,2.1982095320332644,15.341686694076397
,arecoline,CN1CCC=C(C1)C(=O)OC,C8H13NO2,155.2,0.421,29.54,0,3,1,0,0.625,3,42.21,1,,1.5,bin lang,warm,1.5,44.583333333333336,24/24 atoms had data,49.583333333333336,24/24 atoms had data,2.455,24/24 atoms had data,12.859677002782,24/24 atoms had data,0.89265475,24/24 atoms had data,6.958017916666667,24/24 atoms had data,0.7335344583333335,24/24 atoms had data,1288.1258333333333,24/24 atoms had data,0.6316458333333334,24/24 atoms had data,1.2399999999999998,24,4,-2.4779562657758682,-0.5578297361758471,-1.1912446613128673,0.22600635092358387,-1.326161655075138,17.42499138895702
,magnolol,C=CCC1=CC(=C(C=C1)O)C2=C(C=CC(=C2)CC=C)O,C18H18O2,266.34,4.222,40.46,2,2,5,2,0.111,2,83.01,2,,1.5,hou pu,warm,1.5,48.1578947368421,38/38 atoms had data,52.73684210526316,38/38 atoms had data,2.431052631578947,38/38 atoms had data,12.49192758138021,38/38 atoms had data,1.0319968157894737,38/38 atoms had data,7.766525789473685,38/38 atoms had data,1.0422129473684212,38/38 atoms had data,1818.994210526316,38/38 atoms had data,0.8405526315789473,38/38 atoms had data,1.2399999999999998,38,3,1.1058619282015556,2.942074880878537,0.3211798205180476,-0.4366041346403959,6.573902221295818,6.723842561401377
,menthone,C[C@@H]1CC[C@H](C(=O)C1)C(C)C,C10H18O,154.25,2.648,17.07,0,1,1,0,0.9,1,46.35,1,,1.0,jing jie,mildly warm,1.0,41.72413793103448,29/29 atoms had data,46.689655172413794,29/29 atoms had data,2.3634482758620687,29/29 atoms had data,12.79285607215338,29/29 atoms had data,0.9537177068965516,29/29 atoms had data,6.876826896551724,29/29 atoms had data,0.7587166896551725,29/29 atoms had data,1327.8268965517243,29/29 atoms had data,0.6618620689655174,29/29 atoms had data,1.2399999999999998,29,3,-3.344338767068192,0.45112580354820714,0.4148182037679406,0.31161339267973664,-0.2884665734522963,18.01273048538222
,indigo,C1=CC=C2C(=C1)C(=C(N2)C3=NC4=CC=CC=C4C3=O)O,C16H10N2O2,262.27,2.658,58.2,2,3,0,2,0.0,4,76.39,4,,-2.0,ban lan gen,cold,-2.0,54.0,30/30 atoms had data,58.4,30/30 atoms had data,2.525333333333333,30/30 atoms had data,12.415114801712,30/30 atoms had data,0.9286027,30/30 atoms had data,8.375703333333334,30/30 atoms had data,1.1735242,30/30 atoms had data,2049.876,30/30 atoms had data,0.9120333333333334,30/30 atoms had data,1.2399999999999998,30,4,3.6719896859932213,3.6353239902070995,-1.7985795668358149,-1.2625151842614288,10.146573301803627,0.26344641074233266
,formononetin,COC1=CC=C(C=C1)C2=COC3=C(C2=O)C=CC(=C3)O,C16H12O4,268.27,3.174,59.67,1,4,2,3,0.062,4,76.14,3,,1.0,huang qi,mildly warm,1.0,51.875,32/32 atoms had data,56.375,32/32 atoms had data,2.53,32/32 atoms had data,12.431817501926,32/32 atoms had data,1.0965218125,32/32 atoms had data,8.00266625,32/32 atoms had data,1.1001942500000002,32/32 atoms had data,1922.10375,32/32 atoms had data,0.8664375000000001,32/32 atoms had data,1.2399999999999998,32,3,3.0417279699922966,3.1260972228123873,-0.6172853610888002,-0.02276848634006592,7.013502296191932,3.3117518409476308
,thymoquinone,CC1=CC(=O)C(=CC1=O)C(C)C,C10H12O2,164.2,1.667,34.14,0,2,1,0,0.4,2,46.69,1,,-2.0,bo zi ren,cold,-2.0,46.66666666666666,24/24 atoms had data,51.41666666666666,24/24 atoms had data,2.449166666666667,24/24 atoms had data,12.625844835901333,24/24 atoms had data,1.024739875,24/24 atoms had data,7.403555,24/24 atoms had data,0.9168166666666666,24/24 atoms had data,1603.2383333333337,24/24 atoms had data,0.7555,24/24 atoms had data,1.2399999999999998,24,3,-0.3728579838542305,1.6518955604777381,-0.4991780035366991,0.6077986058849839,2.3670030515934672,11.410331193646169
,geniposide,COC(=O)C1=CO[C@H]([C@H]2[C@@H]1CC=C2CO)O[C@H]3[C@@H]([C@H]([C@@H]([C@H](O3)CO)O)O)O,C17H24O10,388.37,-2.229,155.14,5,10,5,0,0.706,10,86.59,3,,-2.0,zhi zi,cold,-2.0,46.86274509803921,51/51 atoms had data,51.86274509803921,51/51 atoms had data,2.559803921568628,51/51 atoms had data,12.822901727907135,51/51 atoms had data,1.0621144705882353,51/51 atoms had data,6.926875294117648,51/51 atoms had data,0.7336283921568628,51/51 atoms had data,1290.6713725490197,51/51 atoms had data,0.6207058823529412,51/51 atoms had data,1.2399999999999998,51,3,0.5039032112416689,-2.929812663858582,-0.4253782711013565,1.2848707069974026,-5.86312615847659,17.01314234499831
,arctigenin,COC1=C(C=C(C=C1)C[C@H]2COC(=O)[C@@H]2CC3=CC(=C(C=C3)O)OC)OC,C21H24O6,372.42,2.992,74.22,1,6,7,2,0.381,6,99.55,3,,-2.0,niu bang zi,cold,-2.0,47.64705882352941,51/51 atoms had data,52.41176470588236,51/51 atoms had data,2.49,51/51 atoms had data,12.637979531828703,51/51 atoms had data,1.0465070588235292,51/51 atoms had data,7.397463529411765,51/51 atoms had data,0.9060748235294118,51/51 atoms had data,1585.9811764705885,51/51 atoms had data,0.7432941176470589,51/51 atoms had data,1.2399999999999998,51,3,0.6461978919268725,0.813522894900327,0.2443579718459253,-0.15293420581194128,2.4965130387501424,10.664513356617046
,rosmarinic acid,C1=CC(=C(C=C1C[C@H](C(=O)O)OC(=O)/C=C/C2=CC(=C(C=C2)O)O)O)O,C18H16O8,360.32,1.761,144.52,5,7,6,2,0.111,8,89.8,2,,-2.0,xia ku cao,cold,-2.0,50.95238095238095,42/42 atoms had data,55.66666666666666,42/42 atoms had data,2.586190476190476,42/42 atoms had data,12.600112001956573,42/42 atoms had data,1.1065278571428572,42/42 atoms had data,7.569375238095238,42/42 atoms had data,0.9431375238095238,42/42 atoms had data,1652.9180952380952,42/42 atoms had data,0.7557142857142858,42/42 atoms had data,1.2399999999999998,42,3,2.8396343681445564,0.05360506927193115,-0.38049856027513335,0.16989756213182186,1.6028513080832325,8.219805107812734
,paeoniflorin,C[C@]12C[C@@]3([C@@H]4C[C@]1([C@@]4([C@H](O2)O3)COC(=O)C5=CC=CC=C5)O[C@H]6[C@@H]([C@H]([C@@H]([C@H](O6)CO)O)O)O)O,C23H28O11,480.47,-1.357,164.37,5,11,6,1,0.696,11,108.78,8,,-1.5,bai shao,mildly cold,-1.5,47.903225806451616,62/62 atoms had data,52.79032258064516,62/62 atoms had data,2.5498387096774198,62/62 atoms had data,12.73454119586787,62/62 atoms had data,1.068039443548387,62/62 atoms had data,7.167727096774194,62/62 atoms had data,0.8163981290322581,62/62 atoms had data,1433.146451612903,62/62 atoms had data,0.6765967741935484,62/62 atoms had data,1.2399999999999998,62,3,1.5277462396016346,-2.171851677880427,-0.0037579131121961025,0.8141809983422122,-3.555207460699439,14.092000768902313
,berberine,COC1=C(C2=C[N+]3=C(C=C2C=C1)C4=CC5=C(C=C4CC3)OCO5)OC,C20H18NO4+,336.36,3.62,40.8,0,5,2,3,0.1,5,92.5,5,,-2.0,huang lian,cold,-2.0,50.11627906976744,43/43 atoms had data,54.72093023255814,43/43 atoms had data,2.497674418604652,43/43 atoms had data,12.53451344401042,43/43 atoms had data,1.006101023255814,43/43 atoms had data,7.807627441860464,43/43 atoms had data,1.023438441860465,43/43 atoms had data,1789.178372093023,43/43 atoms had data,0.8186279069767441,43/43 atoms had data,1.2399999999999998,43,4,1.6959714335302667,2.4289980769143007,-0.44880834137568365,-0.7127796689056212,6.463092225104881,6.031642361581578
,andrographolide,C[C@@]12CC[C@H]([C@@]([C@H]1CCC(=C)[C@H]2C/C=C/3\\[C@@H](COC3=O)O)(C)CO)O,C20H30O5,350.45,1.23,86.99,3,5,4,0,0.65,5,95.2,3,,-2.0,chuan xin lian,cold,-2.0,44.54545454545455,55/55 atoms had data,49.45454545454545,55/55 atoms had data,2.44,55/55 atoms had data,12.749985639165091,55/55 atoms had data,1.0031599545454546,55/55 atoms had data,7.049332727272727,55/55 atoms had data,0.8001636363636364,55/55 atoms had data,1401.7145454545455,55/55 atoms had data,0.6796363636363637,55/55 atoms had data,1.2399999999999998,55,3,-0.9601324700360534,-0.6380707922831891,0.47290314706403963,0.2960098704163125,-1.183082037093421,15.72060700187673
,salvianolic acid B,C1=CC(=C(C=C1CC(C(=O)O)OC(=O)C=CC2=C3C(C(OC3=C(C=C2)O)C4=CC(=C(C=C4)O)O)C(=O)OC(CC5=CC(=C(C=C5)O)O)C(=O)O)O)O,C36H30O16,718.62,2.85,269.0,10,16,10,4,0.222,16,198.5,6,,0.0,dan shen,neutral,0.0,51.58536585365854,82/82 atoms had data,56.26829268292683,82/82 atoms had data,2.595609756097561,82/82 atoms had data,12.575762684805854,82/82 atoms had data,1.115121341463415,82/82 atoms had data,7.644064634146342,82/82 atoms had data,0.9661388780487804,82/82 atoms had data,1692.8914634146338,82/82 atoms had data,0.769719512195122,82/82 atoms had data,1.2399999999999998,82,3,5.02350532372444,-1.7999148038698463,1.5148292294735277,-1.0228858526782545,1.0668957719759455,7.123978243108459
,aconitine,CCN1C[C@@]2([C@@H](C[C@@H]([C@@]34[C@@H]2[C@H]([C@@H](C31)[C@@]5([C@@H]6[C@H]4C[C@@]([C@@H]6OC(=O)C7=CC=CC=C7)([C@H]([C@@H]5O)OC)O)OC(=O)C)OC)OC)O)COC,C34H47NO11,645.74,2.15,145.0,6,12,10,1,0.647,12,175.5,6,,3.0,fu zi,hot,3.0,46.02150537634409,93/93 atoms had data,50.924731182795696,93/93 atoms had data,2.4836559139784944,93/93 atoms had data,12.756012755283786,93/93 atoms had data,1.0003382741935485,93/93 atoms had data,7.115421182795698,93/93 atoms had data,0.8045095376344087,93/93 atoms had data,1410.8017204301077,93/93 atoms had data,0.676489247311828,93/93 atoms had data,1.2399999999999998,93,4,0.7696695187925419,-2.0419004861257863,1.4348673215596952,-0.7948934017207984,-1.2186367736065815,14.467682095238782
,tanshinone iia,CC1=COC2=C1C(=O)C(=O)C3=C2C=CC4=C3CCCC4(C)C,C19H18O3,294.34,3.45,34.1,0,3,0,3,0.158,3,88.5,4,,1.0,dan shen variant,warm,1.0,49.0,40/40 atoms had data,53.575,40/40 atoms had data,2.45925,40/40 atoms had data,12.4892899523112,40/40 atoms had data,1.0484777875,40/40 atoms had data,7.7931995,40/40 atoms had data,1.045135,40/40 atoms had data,1824.9145,40/40 atoms had data,0.8389500000000002,40/40 atoms had data,1.2399999999999998,40,3,1.3901509929056406,2.9668213522985303,-0.052399103587388855,-0.17688838326229778,6.343874899676618,6.287792648717846
,astragaloside iv,CC1(C(CCC23C1C(CC4C2(C3)CCC5(C4(CC(C5C6(CCC(O6)C(C)(C)O)C)O)C)C)OC7C(C(C(C(O7)CO)O)O)O)OC8C(C(C(CO8)O)O)O)C,C41H68O14,784.97,1.85,220.0,8,14,12,0,0.707,14,195.5,6,,1.0,huang qi variant,mildly warm,1.0,43.983739837398375,123/123 atoms had data,48.983739837398375,123/123 atoms had data,2.457804878048781,123/123 atoms had data,12.821287840237789,123/123 atoms had data,1.003965268292683,123/123 atoms had data,6.86165430894309,123/123 atoms had data,0.7335275447154471,123/123 atoms had data,1287.3160975609755,123/123 atoms had data,0.6334146341463415,123/123 atoms had data,1.2399999999999998,123,3,0.42259655793502354,-3.6388653801169704,2.5090882739832527,-0.8707638039748422,-3.9345431476011123,17.613316840400266
,artemisinin,C[C@@H]1CC[C@H]2[C@H](C(=O)O[C@H]3[C@@]24[C@H]1CC[C@](O3)(OO4)C)C,C15H22O5,282.34,2.35,57.15,0,5,0,0,0.8,5,72.5,3,,-2.0,qing hao,cold,-2.0,45.23809523809524,42/42 atoms had data,50.16666666666666,42/42 atoms had data,2.472619047619048,42/42 atoms had data,12.765720431261714,42/42 atoms had data,1.0197533928571427,42/42 atoms had data,7.02753380952381,42/42 atoms had data,0.7859129523809524,42/42 atoms had data,1378.1480952380953,42/42 atoms had data,0.6661428571428571,42/42 atoms had data,1.2399999999999998,42,3,-1.2390712365954708,-0.10912764966486639,0.051709020837778834,0.260997530930173,-0.32456604066333383,15.247922694164346
,6-shogaol,CCCCCC=CC(=O)CCC1=CC(=C(C=C1)O)OC,C17H24O3,276.37,3.45,46.53,1,3,8,1,0.529,3,82.1,1,,2.0,sheng jiang variant,hot,2.0,44.77272727272727,44/44 atoms had data,49.61363636363637,44/44 atoms had data,2.4197727272727274,44/44 atoms had data,12.69640023007418,44/44 atoms had data,0.9986373522727272,44/44 atoms had data,7.185696363636364,44/44 atoms had data,0.8501339090909091,44/44 atoms had data,1487.2872727272727,44/44 atoms had data,0.7151590909090909,44/44 atoms had data,1.2399999999999998,44,3,-1.2124131767100363,0.8717899746885284,0.5122559326556916,-0.15383451259885753,1.8941018400250575,13.67325058557522
,crataegolic acid,CC1(CCC2(CCC3(C(=CCC4C3(CCC5C4(CC(C(C5(C)C)O)O)C)C)C2C1)C)C(=O)O)C,C30H48O4,456.71,6.85,57.53,2,3,1,4,0.8,3,135.2,5,,0.0,shan zha,neutral,0.0,43.170731707317074,82/82 atoms had data,48.073170731707314,82/82 atoms had data,2.388536585365854,82/82 atoms had data,12.743974734713758,82/82 atoms had data,0.9745046829268292,82/82 atoms had data,7.030991219512195,82/82 atoms had data,0.8049898536585366,82/82 atoms had data,1408.4351219512191,82/82 atoms had data,0.6892682926829269,82/82 atoms had data,1.2399999999999998,82,3,-1.8584954346202223,0.5291367549524159,1.9082707974857027,-1.5123430860840246,3.109079255846561,14.705359543536208
,atractylenolide ii,CC1=C2CC3C(=C)CCCC3(CC2OC1=O)C,C15H20O2,232.32,3.65,26.3,0,2,0,1,0.6,2,68.5,2,,1.5,bai zhu,warm,1.5,45.13513513513514,37/37 atoms had data,49.91891891891892,37/37 atoms had data,2.408918918918918,37/37 atoms had data,12.651600759532974,37/37 atoms had data,0.998321945945946,37/37 atoms had data,7.303843243243244,37/37 atoms had data,0.892006918918919,37/37 atoms had data,1559.1837837837836,37/37 atoms had data,0.7441621621621621,37/37 atoms had data,1.2399999999999998,37,3,-1.1281142828461106,1.6819785301314365,0.3391403816216988,-0.11685483328629481,3.204369141187329,12.35396257488
,gentiopicroside,C=CC1C(OC=C2C1=CCOC2=O)OC3C(C(C(C(O3)CO)O)O)O,C16H20O9,356.33,-1.85,158.0,6,9,5,1,0.625,9,85.2,3,,-2.0,long dan cao,cold,-2.0,48.0,45/45 atoms had data,52.93333333333333,45/45 atoms had data,2.5724444444444443,45/45 atoms had data,12.771020046727113,45/45 atoms had data,1.0761739,45/45 atoms had data,7.080937777777778,45/45 atoms had data,0.7825202666666667,45/45 atoms had data,1375.408888888889,45/45 atoms had data,0.6514,45/45 atoms had data,1.2399999999999998,45,3,1.195271474443171,-2.4042873782408796,-0.5711471805689976,1.2055970605151822,-4.616518648491599,15.043760791062986
